"Year","Month","Date","Value"
"2001","1","Sun Dec 31 2000 02:00:00 GMT+0200 (Eastern European Standard Time)","39.9"
"2001","2","Wed Jan 31 2001 02:00:00 GMT+0200 (Eastern European Standard Time)","40"
"2001","3","Wed Feb 28 2001 02:00:00 GMT+0200 (Eastern European Standard Time)","40.3"
"2001","4","Sat Mar 31 2001 02:00:00 GMT+0300 (Eastern European Summer Time)","37.5"
"2001","5","Mon Apr 30 2001 02:00:00 GMT+0300 (Eastern European Summer Time)","37.4"
"2001","6","Thu May 31 2001 02:00:00 GMT+0300 (Eastern European Summer Time)","35.7"
"2001","7","Sat Jun 30 2001 02:00:00 GMT+0300 (Eastern European Summer Time)","31.8"
"2001","8","Tue Jul 31 2001 02:00:00 GMT+0300 (Eastern European Summer Time)","32.4"
"2001","9","Fri Aug 31 2001 02:00:00 GMT+0300 (Eastern European Summer Time)","31.2"
"2001","10","Sun Sep 30 2001 02:00:00 GMT+0300 (Eastern European Summer Time)","30.8"
"2001","11","Wed Oct 31 2001 02:00:00 GMT+0200 (Eastern European Standard Time)","30.7"
"2001","12","Fri Nov 30 2001 02:00:00 GMT+0200 (Eastern European Standard Time)","30.3"
"2002","1","Mon Dec 31 2001 02:00:00 GMT+0200 (Eastern European Standard Time)","28.6"
"2002","2","Thu Jan 31 2002 02:00:00 GMT+0200 (Eastern European Standard Time)","27.2"
"2002","3","Thu Feb 28 2002 02:00:00 GMT+0200 (Eastern European Standard Time)","25.1"
"2002","4","Sun Mar 31 2002 02:00:00 GMT+0200 (Eastern European Standard Time)","24.4"
"2002","5","Tue Apr 30 2002 02:00:00 GMT+0300 (Eastern European Summer Time)","24.5"
"2002","6","Fri May 31 2002 02:00:00 GMT+0300 (Eastern European Summer Time)","24"
"2002","7","Sun Jun 30 2002 02:00:00 GMT+0300 (Eastern European Summer Time)","23"
"2002","8","Wed Jul 31 2002 02:00:00 GMT+0300 (Eastern European Summer Time)","21.3"
"2002","9","Sat Aug 31 2002 02:00:00 GMT+0300 (Eastern European Summer Time)","19.8"
"2002","10","Mon Sep 30 2002 02:00:00 GMT+0300 (Eastern European Summer Time)","18.8"
"2002","11","Thu Oct 31 2002 02:00:00 GMT+0200 (Eastern European Standard Time)","18.6"
"2002","12","Sat Nov 30 2002 02:00:00 GMT+0200 (Eastern European Standard Time)","17.8"
"2003","1","Tue Dec 31 2002 02:00:00 GMT+0200 (Eastern European Standard Time)","16.6"
"2003","2","Fri Jan 31 2003 02:00:00 GMT+0200 (Eastern European Standard Time)","16.3"
"2003","3","Fri Feb 28 2003 02:00:00 GMT+0200 (Eastern European Standard Time)","17.1"
"2003","4","Mon Mar 31 2003 02:00:00 GMT+0300 (Eastern European Summer Time)","16"
"2003","5","Wed Apr 30 2003 02:00:00 GMT+0300 (Eastern European Summer Time)","14.4"
"2003","6","Sat May 31 2003 02:00:00 GMT+0300 (Eastern European Summer Time)","14"
"2003","7","Mon Jun 30 2003 02:00:00 GMT+0300 (Eastern European Summer Time)","14.8"
"2003","8","Thu Jul 31 2003 02:00:00 GMT+0300 (Eastern European Summer Time)","14.2"
"2003","9","Sun Aug 31 2003 02:00:00 GMT+0300 (Eastern European Summer Time)","15.9"
"2003","10","Tue Sep 30 2003 02:00:00 GMT+0300 (Eastern European Summer Time)","15.8"
"2003","11","Fri Oct 31 2003 02:00:00 GMT+0200 (Eastern European Standard Time)","14.5"
"2003","12","Sun Nov 30 2003 02:00:00 GMT+0200 (Eastern European Standard Time)","14.1"
"2004","1","Wed Dec 31 2003 02:00:00 GMT+0200 (Eastern European Standard Time)","13.9"
"2004","2","Sat Jan 31 2004 02:00:00 GMT+0200 (Eastern European Standard Time)","13.7"
"2004","3","Sun Feb 29 2004 02:00:00 GMT+0200 (Eastern European Standard Time)","13.1"
"2004","4","Wed Mar 31 2004 02:00:00 GMT+0300 (Eastern European Summer Time)","12.5"
"2004","5","Fri Apr 30 2004 02:00:00 GMT+0300 (Eastern European Summer Time)","12.3"
"2004","6","Mon May 31 2004 02:00:00 GMT+0300 (Eastern European Summer Time)","12"
"2004","7","Wed Jun 30 2004 02:00:00 GMT+0300 (Eastern European Summer Time)","12.1"
"2004","8","Sat Jul 31 2004 02:00:00 GMT+0300 (Eastern European Summer Time)","12.4"
"2004","9","Tue Aug 31 2004 02:00:00 GMT+0300 (Eastern European Summer Time)","11.1"
"2004","10","Thu Sep 30 2004 02:00:00 GMT+0300 (Eastern European Summer Time)","10.8"
"2004","11","Sun Oct 31 2004 02:00:00 GMT+0300 (Eastern European Summer Time)","9.9"
"2004","12","Tue Nov 30 2004 02:00:00 GMT+0200 (Eastern European Standard Time)","9.3"
"2005","1","Fri Dec 31 2004 02:00:00 GMT+0200 (Eastern European Standard Time)","8.9"
"2005","2","Mon Jan 31 2005 02:00:00 GMT+0200 (Eastern European Standard Time)","8.9"
"2005","3","Mon Feb 28 2005 02:00:00 GMT+0200 (Eastern European Standard Time)","8.7"
"2005","4","Thu Mar 31 2005 02:00:00 GMT+0300 (Eastern European Summer Time)","10"
"2005","5","Sat Apr 30 2005 02:00:00 GMT+0300 (Eastern European Summer Time)","10"
"2005","6","Tue May 31 2005 02:00:00 GMT+0300 (Eastern European Summer Time)","9.7"
"2005","7","Thu Jun 30 2005 02:00:00 GMT+0300 (Eastern European Summer Time)","9.3"
"2005","8","Sun Jul 31 2005 02:00:00 GMT+0300 (Eastern European Summer Time)","8.9"
"2005","9","Wed Aug 31 2005 02:00:00 GMT+0300 (Eastern European Summer Time)","8.5"
"2005","10","Fri Sep 30 2005 02:00:00 GMT+0300 (Eastern European Summer Time)","8.1"
"2005","11","Mon Oct 31 2005 02:00:00 GMT+0200 (Eastern European Standard Time)","8.7"
"2005","12","Wed Nov 30 2005 02:00:00 GMT+0200 (Eastern European Standard Time)","8.6"
"2006","1","Sat Dec 31 2005 02:00:00 GMT+0200 (Eastern European Standard Time)","8.89"
"2006","2","Tue Jan 31 2006 02:00:00 GMT+0200 (Eastern European Standard Time)","8.49"
"2006","3","Tue Feb 28 2006 02:00:00 GMT+0200 (Eastern European Standard Time)","8.41"
"2006","4","Fri Mar 31 2006 02:00:00 GMT+0300 (Eastern European Summer Time)","6.92"
"2006","5","Sun Apr 30 2006 02:00:00 GMT+0300 (Eastern European Summer Time)","7.26"
"2006","6","Wed May 31 2006 02:00:00 GMT+0300 (Eastern European Summer Time)","7.11"
"2006","7","Fri Jun 30 2006 02:00:00 GMT+0300 (Eastern European Summer Time)","6.21"
"2006","8","Mon Jul 31 2006 02:00:00 GMT+0300 (Eastern European Summer Time)","6.02"
"2006","9","Thu Aug 31 2006 02:00:00 GMT+0300 (Eastern European Summer Time)","5.48"
"2006","10","Sat Sep 30 2006 02:00:00 GMT+0300 (Eastern European Summer Time)","4.8"
"2006","11","Tue Oct 31 2006 02:00:00 GMT+0200 (Eastern European Standard Time)","4.67"
"2006","12","Thu Nov 30 2006 02:00:00 GMT+0200 (Eastern European Standard Time)","4.87"
"2007","1","Sun Dec 31 2006 02:00:00 GMT+0200 (Eastern European Standard Time)","4.01"
"2007","2","Wed Jan 31 2007 02:00:00 GMT+0200 (Eastern European Standard Time)","3.81"
"2007","3","Wed Feb 28 2007 02:00:00 GMT+0200 (Eastern European Standard Time)","3.66"
"2007","4","Sat Mar 31 2007 02:00:00 GMT+0300 (Eastern European Summer Time)","3.77"
"2007","5","Mon Apr 30 2007 02:00:00 GMT+0300 (Eastern European Summer Time)","3.81"
"2007","6","Thu May 31 2007 02:00:00 GMT+0300 (Eastern European Summer Time)","3.8"
"2007","7","Sat Jun 30 2007 02:00:00 GMT+0300 (Eastern European Summer Time)","3.99"
"2007","8","Tue Jul 31 2007 02:00:00 GMT+0300 (Eastern European Summer Time)","4.96"
"2007","9","Fri Aug 31 2007 02:00:00 GMT+0300 (Eastern European Summer Time)","6.03"
"2007","10","Sun Sep 30 2007 02:00:00 GMT+0300 (Eastern European Summer Time)","6.84"
"2007","11","Wed Oct 31 2007 02:00:00 GMT+0200 (Eastern European Standard Time)","6.67"
"2007","12","Fri Nov 30 2007 02:00:00 GMT+0200 (Eastern European Standard Time)","6.57"
"2008","1","Mon Dec 31 2007 02:00:00 GMT+0200 (Eastern European Standard Time)","7.26"
"2008","2","Thu Jan 31 2008 02:00:00 GMT+0200 (Eastern European Standard Time)","7.97"
"2008","3","Fri Feb 29 2008 02:00:00 GMT+0200 (Eastern European Standard Time)","8.63"
"2008","4","Mon Mar 31 2008 02:00:00 GMT+0300 (Eastern European Summer Time)","8.62"
"2008","5","Wed Apr 30 2008 02:00:00 GMT+0300 (Eastern European Summer Time)","8.46"
"2008","6","Sat May 31 2008 02:00:00 GMT+0300 (Eastern European Summer Time)","8.61"
"2008","7","Mon Jun 30 2008 02:00:00 GMT+0300 (Eastern European Summer Time)","9.04"
"2008","8","Thu Jul 31 2008 02:00:00 GMT+0300 (Eastern European Summer Time)","8.02"
"2008","9","Sun Aug 31 2008 02:00:00 GMT+0300 (Eastern European Summer Time)","7.3"
"2008","10","Tue Sep 30 2008 02:00:00 GMT+0300 (Eastern European Summer Time)","7.39"
"2008","11","Fri Oct 31 2008 02:00:00 GMT+0200 (Eastern European Standard Time)","6.74"
"2008","12","Sun Nov 30 2008 02:00:00 GMT+0200 (Eastern European Standard Time)","6.3"
"2009","1","Wed Dec 31 2008 02:00:00 GMT+0200 (Eastern European Standard Time)","6.71"
"2009","2","Sat Jan 31 2009 02:00:00 GMT+0200 (Eastern European Standard Time)","6.89"
"2009","3","Sat Feb 28 2009 02:00:00 GMT+0200 (Eastern European Standard Time)","6.71"
"2009","4","Tue Mar 31 2009 02:00:00 GMT+0300 (Eastern European Summer Time)","6.45"
"2009","5","Thu Apr 30 2009 02:00:00 GMT+0300 (Eastern European Summer Time)","5.95"
"2009","6","Sun May 31 2009 02:00:00 GMT+0300 (Eastern European Summer Time)","5.86"
"2009","7","Tue Jun 30 2009 02:00:00 GMT+0300 (Eastern European Summer Time)","5.06"
"2009","8","Fri Jul 31 2009 02:00:00 GMT+0300 (Eastern European Summer Time)","4.96"
"2009","9","Mon Aug 31 2009 02:00:00 GMT+0300 (Eastern European Summer Time)","4.94"
"2009","10","Wed Sep 30 2009 02:00:00 GMT+0300 (Eastern European Summer Time)","4.3"
"2009","11","Sat Oct 31 2009 02:00:00 GMT+0200 (Eastern European Standard Time)","4.65"
"2009","12","Mon Nov 30 2009 02:00:00 GMT+0200 (Eastern European Standard Time)","4.74"
"2010","1","Thu Dec 31 2009 02:00:00 GMT+0200 (Eastern European Standard Time)","5.2"
"2010","2","Sun Jan 31 2010 02:00:00 GMT+0200 (Eastern European Standard Time)","4.49"
"2010","3","Sun Feb 28 2010 02:00:00 GMT+0200 (Eastern European Standard Time)","4.2"
"2010","4","Wed Mar 31 2010 02:00:00 GMT+0300 (Eastern European Summer Time)","4.28"
"2010","5","Fri Apr 30 2010 02:00:00 GMT+0300 (Eastern European Summer Time)","4.42"
"2010","6","Mon May 31 2010 02:00:00 GMT+0300 (Eastern European Summer Time)","4.38"
"2010","7","Wed Jun 30 2010 02:00:00 GMT+0300 (Eastern European Summer Time)","7.14"
"2010","8","Sat Jul 31 2010 02:00:00 GMT+0300 (Eastern European Summer Time)","7.58"
"2010","9","Tue Aug 31 2010 02:00:00 GMT+0300 (Eastern European Summer Time)","7.77"
"2010","10","Thu Sep 30 2010 02:00:00 GMT+0300 (Eastern European Summer Time)","7.88"
"2010","11","Sun Oct 31 2010 02:00:00 GMT+0300 (Eastern European Summer Time)","7.73"
"2010","12","Tue Nov 30 2010 02:00:00 GMT+0200 (Eastern European Standard Time)","7.96"
"2011","1","Fri Dec 31 2010 02:00:00 GMT+0200 (Eastern European Standard Time)","6.99"
"2011","2","Mon Jan 31 2011 02:00:00 GMT+0200 (Eastern European Standard Time)","7.6"
"2011","3","Mon Feb 28 2011 02:00:00 GMT+0200 (Eastern European Standard Time)","8.01"
"2011","4","Thu Mar 31 2011 02:00:00 GMT+0300 (Eastern European Summer Time)","8.34"
"2011","5","Sat Apr 30 2011 02:00:00 GMT+0300 (Eastern European Summer Time)","8.41"
"2011","6","Tue May 31 2011 02:00:00 GMT+0300 (Eastern European Summer Time)","7.93"
"2011","7","Thu Jun 30 2011 02:00:00 GMT+0300 (Eastern European Summer Time)","4.85"
"2011","8","Sun Jul 31 2011 02:00:00 GMT+0300 (Eastern European Summer Time)","4.25"
"2011","9","Wed Aug 31 2011 02:00:00 GMT+0300 (Eastern European Summer Time)","3.45"
"2011","10","Fri Sep 30 2011 02:00:00 GMT+0300 (Eastern European Summer Time)","3.55"
"2011","11","Mon Oct 31 2011 02:00:00 GMT+0200 (Eastern European Standard Time)","3.44"
"2011","12","Wed Nov 30 2011 02:00:00 GMT+0200 (Eastern European Standard Time)","3.14"
"2012","1","Sat Dec 31 2011 02:00:00 GMT+0200 (Eastern European Standard Time)","2.72"
"2012","2","Tue Jan 31 2012 02:00:00 GMT+0200 (Eastern European Standard Time)","2.59"
"2012","3","Wed Feb 29 2012 02:00:00 GMT+0200 (Eastern European Standard Time)","2.4"
"2012","4","Sat Mar 31 2012 02:00:00 GMT+0300 (Eastern European Summer Time)","1.8"
"2012","5","Mon Apr 30 2012 02:00:00 GMT+0300 (Eastern European Summer Time)","1.79"
"2012","6","Thu May 31 2012 02:00:00 GMT+0300 (Eastern European Summer Time)","2.04"
"2012","7","Sat Jun 30 2012 02:00:00 GMT+0300 (Eastern European Summer Time)","3"
"2012","8","Tue Jul 31 2012 02:00:00 GMT+0300 (Eastern European Summer Time)","3.88"
"2012","9","Fri Aug 31 2012 02:00:00 GMT+0300 (Eastern European Summer Time)","5.33"
"2012","10","Sun Sep 30 2012 02:00:00 GMT+0300 (Eastern European Summer Time)","4.96"
"2012","11","Wed Oct 31 2012 02:00:00 GMT+0200 (Eastern European Standard Time)","4.56"
"2012","12","Fri Nov 30 2012 02:00:00 GMT+0200 (Eastern European Standard Time)","4.95"
"2013","1","Mon Dec 31 2012 02:00:00 GMT+0200 (Eastern European Standard Time)","5.97"
"2013","2","Thu Jan 31 2013 02:00:00 GMT+0200 (Eastern European Standard Time)","5.65"
"2013","3","Thu Feb 28 2013 02:00:00 GMT+0200 (Eastern European Standard Time)","5.25"
"2013","4","Sun Mar 31 2013 02:00:00 GMT+0200 (Eastern European Standard Time)","5.29"
"2013","5","Tue Apr 30 2013 02:00:00 GMT+0300 (Eastern European Summer Time)","5.32"
"2013","6","Fri May 31 2013 02:00:00 GMT+0300 (Eastern European Summer Time)","5.37"
"2013","7","Sun Jun 30 2013 02:00:00 GMT+0300 (Eastern European Summer Time)","4.41"
"2013","8","Wed Jul 31 2013 02:00:00 GMT+0300 (Eastern European Summer Time)","3.67"
"2013","9","Sat Aug 31 2013 02:00:00 GMT+0300 (Eastern European Summer Time)","1.88"
"2013","10","Mon Sep 30 2013 02:00:00 GMT+0300 (Eastern European Summer Time)","1.88"
"2013","11","Thu Oct 31 2013 02:00:00 GMT+0200 (Eastern European Standard Time)","1.83"
"2013","12","Sat Nov 30 2013 02:00:00 GMT+0200 (Eastern European Standard Time)","1.55"
"2014","1","Tue Dec 31 2013 02:00:00 GMT+0200 (Eastern European Standard Time)","1.06"
"2014","2","Fri Jan 31 2014 02:00:00 GMT+0200 (Eastern European Standard Time)","1.05"
"2014","3","Fri Feb 28 2014 02:00:00 GMT+0200 (Eastern European Standard Time)","1.04"
"2014","4","Mon Mar 31 2014 02:00:00 GMT+0300 (Eastern European Summer Time)","1.21"
"2014","5","Wed Apr 30 2014 02:00:00 GMT+0300 (Eastern European Summer Time)","0.94"
"2014","6","Sat May 31 2014 02:00:00 GMT+0300 (Eastern European Summer Time)","0.66"
"2014","7","Mon Jun 30 2014 02:00:00 GMT+0300 (Eastern European Summer Time)","0.95"
"2014","8","Thu Jul 31 2014 02:00:00 GMT+0300 (Eastern European Summer Time)","0.84"
"2014","9","Sun Aug 31 2014 02:00:00 GMT+0300 (Eastern European Summer Time)","1.54"
"2014","10","Tue Sep 30 2014 02:00:00 GMT+0300 (Eastern European Summer Time)","1.44"
"2014","11","Fri Oct 31 2014 02:00:00 GMT+0200 (Eastern European Standard Time)","1.26"
"2014","12","Sun Nov 30 2014 02:00:00 GMT+0200 (Eastern European Standard Time)","0.83"
"2015","1","Wed Dec 31 2014 02:00:00 GMT+0200 (Eastern European Standard Time)","0.41"
"2015","2","Sat Jan 31 2015 02:00:00 GMT+0200 (Eastern European Standard Time)","0.4"
"2015","3","Sat Feb 28 2015 02:00:00 GMT+0200 (Eastern European Standard Time)","0.79"
"2015","4","Tue Mar 31 2015 02:00:00 GMT+0300 (Eastern European Summer Time)","0.65"
"2015","5","Thu Apr 30 2015 02:00:00 GMT+0300 (Eastern European Summer Time)","1.16"
"2015","6","Sun May 31 2015 02:00:00 GMT+0300 (Eastern European Summer Time)","-1.55"
"2015","7","Tue Jun 30 2015 02:00:00 GMT+0300 (Eastern European Summer Time)","-1.67"
"2015","8","Fri Jul 31 2015 02:00:00 GMT+0300 (Eastern European Summer Time)","-1.87"
"2015","9","Mon Aug 31 2015 02:00:00 GMT+0300 (Eastern European Summer Time)","-1.73"
"2015","10","Wed Sep 30 2015 02:00:00 GMT+0300 (Eastern European Summer Time)","-1.64"
"2015","11","Sat Oct 31 2015 02:00:00 GMT+0200 (Eastern European Standard Time)","-1.14"
"2015","12","Mon Nov 30 2015 02:00:00 GMT+0200 (Eastern European Standard Time)","-0.93"
"2016","1","Thu Dec 31 2015 02:00:00 GMT+0200 (Eastern European Standard Time)","-2.13"
"2016","2","Sun Jan 31 2016 02:00:00 GMT+0200 (Eastern European Standard Time)","-2.68"
"2016","3","Mon Feb 29 2016 02:00:00 GMT+0200 (Eastern European Standard Time)","-2.98"
"2016","4","Thu Mar 31 2016 02:00:00 GMT+0300 (Eastern European Summer Time)","-3.25"
"2016","5","Sat Apr 30 2016 02:00:00 GMT+0300 (Eastern European Summer Time)","-3.46"
"2016","6","Tue May 31 2016 02:00:00 GMT+0300 (Eastern European Summer Time)","-0.7"
"2016","7","Thu Jun 30 2016 02:00:00 GMT+0300 (Eastern European Summer Time)","-0.78"
"2016","8","Sun Jul 31 2016 02:00:00 GMT+0300 (Eastern European Summer Time)","-0.2"
"2016","9","Wed Aug 31 2016 02:00:00 GMT+0300 (Eastern European Summer Time)","-0.57"
"2016","10","Fri Sep 30 2016 02:00:00 GMT+0300 (Eastern European Summer Time)","-0.43"
"2016","11","Mon Oct 31 2016 02:00:00 GMT+0200 (Eastern European Standard Time)","-0.67"
"2016","12","Wed Nov 30 2016 02:00:00 GMT+0200 (Eastern European Standard Time)","-0.54"
"2017","1","Sat Dec 31 2016 02:00:00 GMT+0200 (Eastern European Standard Time)","0.05"
"2017","2","Tue Jan 31 2017 02:00:00 GMT+0200 (Eastern European Standard Time)","0.2"
"2017","3","Tue Feb 28 2017 02:00:00 GMT+0200 (Eastern European Standard Time)","0.18"
"2017","4","Fri Mar 31 2017 02:00:00 GMT+0300 (Eastern European Summer Time)","0.61"
"2017","5","Sun Apr 30 2017 02:00:00 GMT+0300 (Eastern European Summer Time)","0.64"
"2017","6","Wed May 31 2017 02:00:00 GMT+0300 (Eastern European Summer Time)","0.85"
"2017","7","Fri Jun 30 2017 02:00:00 GMT+0300 (Eastern European Summer Time)","1.42"
"2017","8","Mon Jul 31 2017 02:00:00 GMT+0300 (Eastern European Summer Time)","1.15"
"2017","9","Thu Aug 31 2017 02:00:00 GMT+0300 (Eastern European Summer Time)","1.77"
"2017","10","Sat Sep 30 2017 02:00:00 GMT+0300 (Eastern European Summer Time)","2.63"
"2017","11","Tue Oct 31 2017 02:00:00 GMT+0200 (Eastern European Standard Time)","3.23"
"2017","12","Thu Nov 30 2017 02:00:00 GMT+0200 (Eastern European Standard Time)","3.32"
"2018","1","Sun Dec 31 2017 02:00:00 GMT+0200 (Eastern European Standard Time)","4.32"
"2018","2","Wed Jan 31 2018 02:00:00 GMT+0200 (Eastern European Standard Time)","4.72"
"2018","3","Wed Feb 28 2018 02:00:00 GMT+0200 (Eastern European Standard Time)","4.95"
"2018","4","Sat Mar 31 2018 02:00:00 GMT+0300 (Eastern European Summer Time)","5.22"
"2018","5","Mon Apr 30 2018 02:00:00 GMT+0300 (Eastern European Summer Time)","5.41"
"2018","6","Thu May 31 2018 02:00:00 GMT+0300 (Eastern European Summer Time)","5.4"
"2018","7","Sat Jun 30 2018 02:00:00 GMT+0300 (Eastern European Summer Time)","4.56"
"2018","8","Tue Jul 31 2018 02:00:00 GMT+0300 (Eastern European Summer Time)","5.06"
"2018","9","Fri Aug 31 2018 02:00:00 GMT+0300 (Eastern European Summer Time)","5.03"
"2018","10","Sun Sep 30 2018 02:00:00 GMT+0300 (Eastern European Summer Time)","4.25"
"2018","11","Wed Oct 31 2018 02:00:00 GMT+0200 (Eastern European Standard Time)","3.43"
"2018","12","Fri Nov 30 2018 02:00:00 GMT+0200 (Eastern European Standard Time)","3.27"
"2019","1","Mon Dec 31 2018 02:00:00 GMT+0200 (Eastern European Standard Time)","3.32"
"2019","2","Thu Jan 31 2019 02:00:00 GMT+0200 (Eastern European Standard Time)","3.83"
"2019","3","Thu Feb 28 2019 02:00:00 GMT+0200 (Eastern European Standard Time)","4.03"
"2019","4","Sun Mar 31 2019 02:00:00 GMT+0200 (Eastern European Standard Time)","4.11"
"2019","5","Tue Apr 30 2019 02:00:00 GMT+0300 (Eastern European Summer Time)","4.1"
"2019","6","Fri May 31 2019 02:00:00 GMT+0300 (Eastern European Summer Time)","3.84"
"2019","7","Sun Jun 30 2019 02:00:00 GMT+0300 (Eastern European Summer Time)","4.12"
"2019","8","Wed Jul 31 2019 02:00:00 GMT+0300 (Eastern European Summer Time)","3.89"
"2019","9","Sat Aug 31 2019 02:00:00 GMT+0300 (Eastern European Summer Time)","3.49"
"2019","10","Mon Sep 30 2019 02:00:00 GMT+0300 (Eastern European Summer Time)","3.4"
"2019","11","Thu Oct 31 2019 02:00:00 GMT+0200 (Eastern European Standard Time)","3.77"
"2019","12","Sat Nov 30 2019 02:00:00 GMT+0200 (Eastern European Standard Time)","4.04"
"2020","1","Tue Dec 31 2019 02:00:00 GMT+0200 (Eastern European Standard Time)","3.6"
"2020","2","Fri Jan 31 2020 02:00:00 GMT+0200 (Eastern European Standard Time)","3.05"
"2020","3","Sat Feb 29 2020 02:00:00 GMT+0200 (Eastern European Standard Time)","3.05"
"2020","4","Tue Mar 31 2020 02:00:00 GMT+0300 (Eastern European Summer Time)","2.68"
"2020","5","Thu Apr 30 2020 02:00:00 GMT+0300 (Eastern European Summer Time)","2.26"
"2020","6","Sun May 31 2020 02:00:00 GMT+0300 (Eastern European Summer Time)","2.58"
"2020","7","Tue Jun 30 2020 02:00:00 GMT+0300 (Eastern European Summer Time)","2.8"
"2020","8","Fri Jul 31 2020 02:00:00 GMT+0300 (Eastern European Summer Time)","2.68"
"2020","9","Mon Aug 31 2020 02:00:00 GMT+0300 (Eastern European Summer Time)","2.45"
"2020","10","Wed Sep 30 2020 02:00:00 GMT+0300 (Eastern European Summer Time)","2.24"
"2020","11","Sat Oct 31 2020 02:00:00 GMT+0200 (Eastern European Standard Time)","2.14"
"2020","12","Mon Nov 30 2020 02:00:00 GMT+0200 (Eastern European Standard Time)","2.06"
"2021","1","Thu Dec 31 2020 02:00:00 GMT+0200 (Eastern European Standard Time)","2.99"
"2021","2","Sun Jan 31 2021 02:00:00 GMT+0200 (Eastern European Standard Time)","3.16"
"2021","3","Sun Feb 28 2021 02:00:00 GMT+0200 (Eastern European Standard Time)","3.05"
"2021","4","Wed Mar 31 2021 02:00:00 GMT+0300 (Eastern European Summer Time)","3.24"
"2021","5","Fri Apr 30 2021 02:00:00 GMT+0300 (Eastern European Summer Time)","3.75"
"2021","6","Mon May 31 2021 02:00:00 GMT+0300 (Eastern European Summer Time)","3.94"
"2021","7","Wed Jun 30 2021 02:00:00 GMT+0300 (Eastern European Summer Time)","4.95"
"2021","8","Sat Jul 31 2021 02:00:00 GMT+0300 (Eastern European Summer Time)","5.25"
"2021","9","Tue Aug 31 2021 02:00:00 GMT+0300 (Eastern European Summer Time)","6.29"
"2021","10","Thu Sep 30 2021 02:00:00 GMT+0300 (Eastern European Summer Time)","7.94"
"2021","11","Sun Oct 31 2021 02:00:00 GMT+0300 (Eastern European Summer Time)","7.8"
"2021","12","Tue Nov 30 2021 02:00:00 GMT+0200 (Eastern European Standard Time)","8.19"
"2022","1","Fri Dec 31 2021 02:00:00 GMT+0200 (Eastern European Standard Time)","8.35"
"2022","2","Mon Jan 31 2022 02:00:00 GMT+0200 (Eastern European Standard Time)","8.53"
"2022","3","Mon Feb 28 2022 02:00:00 GMT+0200 (Eastern European Standard Time)","10.15"
"2022","4","Thu Mar 31 2022 02:00:00 GMT+0300 (Eastern European Summer Time)","13.76"
"2022","5","Sat Apr 30 2022 02:00:00 GMT+0300 (Eastern European Summer Time)","14.49"
"2022","6","Tue May 31 2022 02:00:00 GMT+0300 (Eastern European Summer Time)","15.05"
"2022","7","Thu Jun 30 2022 02:00:00 GMT+0300 (Eastern European Summer Time)","14.96"
"2022","8","Sun Jul 31 2022 02:00:00 GMT+0300 (Eastern European Summer Time)","15.32"
"2022","9","Wed Aug 31 2022 02:00:00 GMT+0300 (Eastern European Summer Time)","15.88"
"2022","10","Fri Sep 30 2022 02:00:00 GMT+0300 (Eastern European Summer Time)","15.32"
"2022","11","Mon Oct 31 2022 02:00:00 GMT+0200 (Eastern European Standard Time)","16.76"
"2022","12","Wed Nov 30 2022 02:00:00 GMT+0200 (Eastern European Standard Time)","16.37"
"2023","1","Sat Dec 31 2022 02:00:00 GMT+0200 (Eastern European Standard Time)","15.07"
"2023","2","Tue Jan 31 2023 02:00:00 GMT+0200 (Eastern European Standard Time)","15.52"
"2023","3","Tue Feb 28 2023 02:00:00 GMT+0200 (Eastern European Standard Time)","14.53"
"2023","4","Fri Mar 31 2023 02:00:00 GMT+0300 (Eastern European Summer Time)","11.23"
"2023","5","Sun Apr 30 2023 02:00:00 GMT+0300 (Eastern European Summer Time)","10.64"
"2023","6","Wed May 31 2023 02:00:00 GMT+0300 (Eastern European Summer Time)","10.25"
"2023","7","Fri Jun 30 2023 02:00:00 GMT+0300 (Eastern European Summer Time)","9.44"
"2023","8","Mon Jul 31 2023 02:00:00 GMT+0300 (Eastern European Summer Time)","9.43"
"2023","9","Thu Aug 31 2023 02:00:00 GMT+0300 (Eastern European Summer Time)","8.83"
"2023","10","Sat Sep 30 2023 02:00:00 GMT+0300 (Eastern European Summer Time)","8.07"
"2023","11","Tue Oct 31 2023 02:00:00 GMT+0200 (Eastern European Standard Time)","6.72"
"2023","12","Thu Nov 30 2023 02:00:00 GMT+0200 (Eastern European Standard Time)","6.61"
"2024","1","Sun Dec 31 2023 02:00:00 GMT+0200 (Eastern European Standard Time)","7.41"
"2024","2","Wed Jan 31 2024 02:00:00 GMT+0200 (Eastern European Standard Time)","7.23"
"2024","3","Thu Feb 29 2024 02:00:00 GMT+0200 (Eastern European Standard Time)","6.61"
"2024","4","Sun Mar 31 2024 02:00:00 GMT+0200 (Eastern European Standard Time)","5.9"
"2024","5","Tue Apr 30 2024 02:00:00 GMT+0300 (Eastern European Summer Time)","5.12"
"2024","6","Fri May 31 2024 02:00:00 GMT+0300 (Eastern European Summer Time)","4.94"
"2024","7","Sun Jun 30 2024 02:00:00 GMT+0300 (Eastern European Summer Time)","5.42"
"2024","8","Wed Jul 31 2024 02:00:00 GMT+0300 (Eastern European Summer Time)","5.1"
"2024","9","Sat Aug 31 2024 02:00:00 GMT+0300 (Eastern European Summer Time)","4.62"
"2024","10","Mon Sep 30 2024 02:00:00 GMT+0300 (Eastern European Summer Time)","4.67"
"2024","11","Thu Oct 31 2024 02:00:00 GMT+0200 (Eastern European Standard Time)","5.11"
"2024","12","Sat Nov 30 2024 02:00:00 GMT+0200 (Eastern European Standard Time)","5.14"
"2025","1","Tue Dec 31 2024 02:00:00 GMT+0200 (Eastern European Standard Time)","4.95"
"2025","2","Fri Jan 31 2025 02:00:00 GMT+0200 (Eastern European Standard Time)","5.02"
"2025","3","Fri Feb 28 2025 02:00:00 GMT+0200 (Eastern European Standard Time)","4.86"
"2025","4","Mon Mar 31 2025 02:00:00 GMT+0300 (Eastern European Summer Time)","4.85"
"2025","5","Wed Apr 30 2025 02:00:00 GMT+0300 (Eastern European Summer Time)","5.45"