Date,Close
Tue Apr 22 2025 02:00:00 GMT+0300 (Eastern European Summer Time),92909
Mon Apr 21 2025 02:00:00 GMT+0300 (Eastern European Summer Time),87522.07
Sun Apr 20 2025 02:00:00 GMT+0300 (Eastern European Summer Time),85177.34
Sat Apr 19 2025 02:00:00 GMT+0300 (Eastern European Summer Time),85074.99
Fri Apr 18 2025 02:00:00 GMT+0300 (Eastern European Summer Time),84466.47
Thu Apr 17 2025 02:00:00 GMT+0300 (Eastern European Summer Time),84961.97
Wed Apr 16 2025 02:00:00 GMT+0300 (Eastern European Summer Time),84028.72
Tue Apr 15 2025 02:00:00 GMT+0300 (Eastern European Summer Time),83629.78
Mon Apr 14 2025 02:00:00 GMT+0300 (Eastern European Summer Time),84590.36
Sun Apr 13 2025 02:00:00 GMT+0300 (Eastern European Summer Time),83733.07
Sat Apr 12 2025 02:00:00 GMT+0300 (Eastern European Summer Time),85271.01
Fri Apr 11 2025 02:00:00 GMT+0300 (Eastern European Summer Time),83380.47
Thu Apr 10 2025 02:00:00 GMT+0300 (Eastern European Summer Time),79552.34
Wed Apr 09 2025 02:00:00 GMT+0300 (Eastern European Summer Time),82594.75
Tue Apr 08 2025 02:00:00 GMT+0300 (Eastern European Summer Time),76251.64
Mon Apr 07 2025 02:00:00 GMT+0300 (Eastern European Summer Time),79140.01
Sun Apr 06 2025 02:00:00 GMT+0300 (Eastern European Summer Time),78370.75
Sat Apr 05 2025 02:00:00 GMT+0300 (Eastern European Summer Time),83498.25
Fri Apr 04 2025 02:00:00 GMT+0300 (Eastern European Summer Time),83860.16
Thu Apr 03 2025 02:00:00 GMT+0300 (Eastern European Summer Time),83174.33
Wed Apr 02 2025 02:00:00 GMT+0300 (Eastern European Summer Time),82490.08
Tue Apr 01 2025 02:00:00 GMT+0300 (Eastern European Summer Time),85170.37
Mon Mar 31 2025 02:00:00 GMT+0300 (Eastern European Summer Time),82534.32
Sun Mar 30 2025 02:00:00 GMT+0200 (Eastern European Standard Time),82379.98
Sat Mar 29 2025 02:00:00 GMT+0200 (Eastern European Standard Time),82616.83
Fri Mar 28 2025 02:00:00 GMT+0200 (Eastern European Standard Time),84381.8
Thu Mar 27 2025 02:00:00 GMT+0200 (Eastern European Standard Time),87217.48
Wed Mar 26 2025 02:00:00 GMT+0200 (Eastern European Standard Time),86926.01
Tue Mar 25 2025 02:00:00 GMT+0200 (Eastern European Standard Time),87427.88
Mon Mar 24 2025 02:00:00 GMT+0200 (Eastern European Standard Time),87523.62
Sun Mar 23 2025 02:00:00 GMT+0200 (Eastern European Standard Time),86092.94
Sat Mar 22 2025 02:00:00 GMT+0200 (Eastern European Standard Time),83852.03
Fri Mar 21 2025 02:00:00 GMT+0200 (Eastern European Standard Time),84061.96
Thu Mar 20 2025 02:00:00 GMT+0200 (Eastern European Standard Time),84183.42
Wed Mar 19 2025 02:00:00 GMT+0200 (Eastern European Standard Time),86877.96
Tue Mar 18 2025 02:00:00 GMT+0200 (Eastern European Standard Time),82698.76
Mon Mar 17 2025 02:00:00 GMT+0200 (Eastern European Standard Time),84011.4
Sun Mar 16 2025 02:00:00 GMT+0200 (Eastern European Standard Time),82562.57
Sat Mar 15 2025 02:00:00 GMT+0200 (Eastern European Standard Time),84351.46
Fri Mar 14 2025 02:00:00 GMT+0200 (Eastern European Standard Time),83980.49
Thu Mar 13 2025 02:00:00 GMT+0200 (Eastern European Standard Time),81073.43
Wed Mar 12 2025 02:00:00 GMT+0200 (Eastern European Standard Time),83659.43
Tue Mar 11 2025 02:00:00 GMT+0200 (Eastern European Standard Time),82914.51
Mon Mar 10 2025 02:00:00 GMT+0200 (Eastern European Standard Time),78544.71
Sun Mar 09 2025 02:00:00 GMT+0200 (Eastern European Standard Time),80699.17
Sat Mar 08 2025 02:00:00 GMT+0200 (Eastern European Standard Time),86206.69
Fri Mar 07 2025 02:00:00 GMT+0200 (Eastern European Standard Time),86756.98
Thu Mar 06 2025 02:00:00 GMT+0200 (Eastern European Standard Time),89921.85
Wed Mar 05 2025 02:00:00 GMT+0200 (Eastern European Standard Time),90603.73
Tue Mar 04 2025 02:00:00 GMT+0200 (Eastern European Standard Time),87249.96
Mon Mar 03 2025 02:00:00 GMT+0200 (Eastern European Standard Time),86161.1
Sun Mar 02 2025 02:00:00 GMT+0200 (Eastern European Standard Time),94265.48
Sat Mar 01 2025 02:00:00 GMT+0200 (Eastern European Standard Time),86018.76
Fri Feb 28 2025 02:00:00 GMT+0200 (Eastern European Standard Time),84297.73
Thu Feb 27 2025 02:00:00 GMT+0200 (Eastern European Standard Time),84625.19
Wed Feb 26 2025 02:00:00 GMT+0200 (Eastern European Standard Time),84111.78
Tue Feb 25 2025 02:00:00 GMT+0200 (Eastern European Standard Time),88583.74
Mon Feb 24 2025 02:00:00 GMT+0200 (Eastern European Standard Time),91510.82
Sun Feb 23 2025 02:00:00 GMT+0200 (Eastern European Standard Time),96265.98
Sat Feb 22 2025 02:00:00 GMT+0200 (Eastern European Standard Time),96582.12
Fri Feb 21 2025 02:00:00 GMT+0200 (Eastern European Standard Time),96157.03
Thu Feb 20 2025 02:00:00 GMT+0200 (Eastern European Standard Time),98347.2
Wed Feb 19 2025 02:00:00 GMT+0200 (Eastern European Standard Time),96632.03
Tue Feb 18 2025 02:00:00 GMT+0200 (Eastern European Standard Time),95607.4
Mon Feb 17 2025 02:00:00 GMT+0200 (Eastern European Standard Time),95781.8
Sun Feb 16 2025 02:00:00 GMT+0200 (Eastern European Standard Time),96119.88
Sat Feb 15 2025 02:00:00 GMT+0200 (Eastern European Standard Time),97596.94
Fri Feb 14 2025 02:00:00 GMT+0200 (Eastern European Standard Time),97509.03
Thu Feb 13 2025 02:00:00 GMT+0200 (Eastern European Standard Time),96625.29
Wed Feb 12 2025 02:00:00 GMT+0200 (Eastern European Standard Time),97862.53
Tue Feb 11 2025 02:00:00 GMT+0200 (Eastern European Standard Time),95774.08
Mon Feb 10 2025 02:00:00 GMT+0200 (Eastern European Standard Time),97444.41
Sun Feb 09 2025 02:00:00 GMT+0200 (Eastern European Standard Time),96475.82
Sat Feb 08 2025 02:00:00 GMT+0200 (Eastern European Standard Time),96476.25
Fri Feb 07 2025 02:00:00 GMT+0200 (Eastern European Standard Time),96537.08
Thu Feb 06 2025 02:00:00 GMT+0200 (Eastern European Standard Time),96564.62
Wed Feb 05 2025 02:00:00 GMT+0200 (Eastern European Standard Time),96638.33
Tue Feb 04 2025 02:00:00 GMT+0200 (Eastern European Standard Time),97795.05
Mon Feb 03 2025 02:00:00 GMT+0200 (Eastern European Standard Time),101460.2
Sun Feb 02 2025 02:00:00 GMT+0200 (Eastern European Standard Time),97676.52
Sat Feb 01 2025 02:00:00 GMT+0200 (Eastern European Standard Time),100623.85
Fri Jan 31 2025 02:00:00 GMT+0200 (Eastern European Standard Time),102411.26
Thu Jan 30 2025 02:00:00 GMT+0200 (Eastern European Standard Time),104742.64
Wed Jan 29 2025 02:00:00 GMT+0200 (Eastern European Standard Time),103747.25
Tue Jan 28 2025 02:00:00 GMT+0200 (Eastern European Standard Time),101290
Mon Jan 27 2025 02:00:00 GMT+0200 (Eastern European Standard Time),102062.42
Sun Jan 26 2025 02:00:00 GMT+0200 (Eastern European Standard Time),102563
Sat Jan 25 2025 02:00:00 GMT+0200 (Eastern European Standard Time),104733.56
Fri Jan 24 2025 02:00:00 GMT+0200 (Eastern European Standard Time),104850.27
Thu Jan 23 2025 02:00:00 GMT+0200 (Eastern European Standard Time),103926.36
Wed Jan 22 2025 02:00:00 GMT+0200 (Eastern European Standard Time),103667.11
Tue Jan 21 2025 02:00:00 GMT+0200 (Eastern European Standard Time),106159.26
Mon Jan 20 2025 02:00:00 GMT+0200 (Eastern European Standard Time),102145.43
Sun Jan 19 2025 02:00:00 GMT+0200 (Eastern European Standard Time),101211.13
Sat Jan 18 2025 02:00:00 GMT+0200 (Eastern European Standard Time),104435
Fri Jan 17 2025 02:00:00 GMT+0200 (Eastern European Standard Time),104107
Thu Jan 16 2025 02:00:00 GMT+0200 (Eastern European Standard Time),99981.78
Wed Jan 15 2025 02:00:00 GMT+0200 (Eastern European Standard Time),100510.23
Tue Jan 14 2025 02:00:00 GMT+0200 (Eastern European Standard Time),96534.96
Mon Jan 13 2025 02:00:00 GMT+0200 (Eastern European Standard Time),94506.45
Sun Jan 12 2025 02:00:00 GMT+0200 (Eastern European Standard Time),94509.62
Sat Jan 11 2025 02:00:00 GMT+0200 (Eastern European Standard Time),94565.02
Fri Jan 10 2025 02:00:00 GMT+0200 (Eastern European Standard Time),94701.18
Thu Jan 09 2025 02:00:00 GMT+0200 (Eastern European Standard Time),92547.44
Wed Jan 08 2025 02:00:00 GMT+0200 (Eastern European Standard Time),95036.63
Tue Jan 07 2025 02:00:00 GMT+0200 (Eastern European Standard Time),96941.98
Mon Jan 06 2025 02:00:00 GMT+0200 (Eastern European Standard Time),102279.41
Sun Jan 05 2025 02:00:00 GMT+0200 (Eastern European Standard Time),98345.33
Sat Jan 04 2025 02:00:00 GMT+0200 (Eastern European Standard Time),98209.85
Fri Jan 03 2025 02:00:00 GMT+0200 (Eastern European Standard Time),98136.51
Thu Jan 02 2025 02:00:00 GMT+0200 (Eastern European Standard Time),96903.19
Wed Jan 01 2025 02:00:00 GMT+0200 (Eastern European Standard Time),94383.59
Tue Dec 31 2024 02:00:00 GMT+0200 (Eastern European Standard Time),93354.22
Mon Dec 30 2024 02:00:00 GMT+0200 (Eastern European Standard Time),92620.71
Sun Dec 29 2024 02:00:00 GMT+0200 (Eastern European Standard Time),93563.35
Sat Dec 28 2024 02:00:00 GMT+0200 (Eastern European Standard Time),95130.82
Fri Dec 27 2024 02:00:00 GMT+0200 (Eastern European Standard Time),94171.89
Thu Dec 26 2024 02:00:00 GMT+0200 (Eastern European Standard Time),95669.49
Wed Dec 25 2024 02:00:00 GMT+0200 (Eastern European Standard Time),99346.28
Tue Dec 24 2024 02:00:00 GMT+0200 (Eastern European Standard Time),98594.47
Mon Dec 23 2024 02:00:00 GMT+0200 (Eastern European Standard Time),94764.56
Sun Dec 22 2024 02:00:00 GMT+0200 (Eastern European Standard Time),95087.75
Sat Dec 21 2024 02:00:00 GMT+0200 (Eastern European Standard Time),97230.08
Fri Dec 20 2024 02:00:00 GMT+0200 (Eastern European Standard Time),97765
Thu Dec 19 2024 02:00:00 GMT+0200 (Eastern European Standard Time),97372.21
Wed Dec 18 2024 02:00:00 GMT+0200 (Eastern European Standard Time),100150.73
Tue Dec 17 2024 02:00:00 GMT+0200 (Eastern European Standard Time),106136.99
Mon Dec 16 2024 02:00:00 GMT+0200 (Eastern European Standard Time),106099.81
Sun Dec 15 2024 02:00:00 GMT+0200 (Eastern European Standard Time),104447.76
Sat Dec 14 2024 02:00:00 GMT+0200 (Eastern European Standard Time),101399.99
Fri Dec 13 2024 02:00:00 GMT+0200 (Eastern European Standard Time),101428.75
Thu Dec 12 2024 02:00:00 GMT+0200 (Eastern European Standard Time),100030.47
Wed Dec 11 2024 02:00:00 GMT+0200 (Eastern European Standard Time),101202.11
Tue Dec 10 2024 02:00:00 GMT+0200 (Eastern European Standard Time),96660.76
Mon Dec 09 2024 02:00:00 GMT+0200 (Eastern European Standard Time),97324.81
Sun Dec 08 2024 02:00:00 GMT+0200 (Eastern European Standard Time),101174.99
Sat Dec 07 2024 02:00:00 GMT+0200 (Eastern European Standard Time),99929.32
Fri Dec 06 2024 02:00:00 GMT+0200 (Eastern European Standard Time),99891.35
Thu Dec 05 2024 02:00:00 GMT+0200 (Eastern European Standard Time),97044.23
Wed Dec 04 2024 02:00:00 GMT+0200 (Eastern European Standard Time),98746.24
Tue Dec 03 2024 02:00:00 GMT+0200 (Eastern European Standard Time),95924.52
Mon Dec 02 2024 02:00:00 GMT+0200 (Eastern European Standard Time),95862.89
Sun Dec 01 2024 02:00:00 GMT+0200 (Eastern European Standard Time),97263.18
Sat Nov 30 2024 02:00:00 GMT+0200 (Eastern European Standard Time),96465.42
Fri Nov 29 2024 02:00:00 GMT+0200 (Eastern European Standard Time),97490.56
Thu Nov 28 2024 02:00:00 GMT+0200 (Eastern European Standard Time),95665.53
Wed Nov 27 2024 02:00:00 GMT+0200 (Eastern European Standard Time),95951.19
Tue Nov 26 2024 02:00:00 GMT+0200 (Eastern European Standard Time),91929.54
Mon Nov 25 2024 02:00:00 GMT+0200 (Eastern European Standard Time),93000.01
Sun Nov 24 2024 02:00:00 GMT+0200 (Eastern European Standard Time),98028.18
Sat Nov 23 2024 02:00:00 GMT+0200 (Eastern European Standard Time),97778.77
Fri Nov 22 2024 02:00:00 GMT+0200 (Eastern European Standard Time),99024.03
Thu Nov 21 2024 02:00:00 GMT+0200 (Eastern European Standard Time),98439.09
Wed Nov 20 2024 02:00:00 GMT+0200 (Eastern European Standard Time),94393.15
Tue Nov 19 2024 02:00:00 GMT+0200 (Eastern European Standard Time),92435.89
Mon Nov 18 2024 02:00:00 GMT+0200 (Eastern European Standard Time),90520.3
Sun Nov 17 2024 02:00:00 GMT+0200 (Eastern European Standard Time),89886.69
Sat Nov 16 2024 02:00:00 GMT+0200 (Eastern European Standard Time),90636.24
Fri Nov 15 2024 02:00:00 GMT+0200 (Eastern European Standard Time),91058.36
Thu Nov 14 2024 02:00:00 GMT+0200 (Eastern European Standard Time),87340.4
Wed Nov 13 2024 02:00:00 GMT+0200 (Eastern European Standard Time),90493.82
Tue Nov 12 2024 02:00:00 GMT+0200 (Eastern European Standard Time),88035.43
Mon Nov 11 2024 02:00:00 GMT+0200 (Eastern European Standard Time),88770.73
Sun Nov 10 2024 02:00:00 GMT+0200 (Eastern European Standard Time),80428.92
Sat Nov 09 2024 02:00:00 GMT+0200 (Eastern European Standard Time),76716.06
Fri Nov 08 2024 02:00:00 GMT+0200 (Eastern European Standard Time),76566.73
Thu Nov 07 2024 02:00:00 GMT+0200 (Eastern European Standard Time),75920
Wed Nov 06 2024 02:00:00 GMT+0200 (Eastern European Standard Time),75646.55
Tue Nov 05 2024 02:00:00 GMT+0200 (Eastern European Standard Time),69380.73
Mon Nov 04 2024 02:00:00 GMT+0200 (Eastern European Standard Time),67807.48
Sun Nov 03 2024 02:00:00 GMT+0200 (Eastern European Standard Time),68738.18
Sat Nov 02 2024 02:00:00 GMT+0200 (Eastern European Standard Time),69358.94
Fri Nov 01 2024 02:00:00 GMT+0200 (Eastern European Standard Time),69467.29
Thu Oct 31 2024 02:00:00 GMT+0200 (Eastern European Standard Time),70197.83
Wed Oct 30 2024 02:00:00 GMT+0200 (Eastern European Standard Time),72322.91
Tue Oct 29 2024 02:00:00 GMT+0200 (Eastern European Standard Time),72724.35
Mon Oct 28 2024 02:00:00 GMT+0200 (Eastern European Standard Time),69924.5
Sun Oct 27 2024 02:00:00 GMT+0300 (Eastern European Summer Time),67943.19
Sat Oct 26 2024 02:00:00 GMT+0300 (Eastern European Summer Time),67012.56
Fri Oct 25 2024 02:00:00 GMT+0300 (Eastern European Summer Time),66564.51
Thu Oct 24 2024 02:00:00 GMT+0300 (Eastern European Summer Time),68156.84
Wed Oct 23 2024 02:00:00 GMT+0300 (Eastern European Summer Time),66601.11
Tue Oct 22 2024 02:00:00 GMT+0300 (Eastern European Summer Time),67380.08
Mon Oct 21 2024 02:00:00 GMT+0300 (Eastern European Summer Time),67346.15
Sun Oct 20 2024 02:00:00 GMT+0300 (Eastern European Summer Time),69014.86
Sat Oct 19 2024 02:00:00 GMT+0300 (Eastern European Summer Time),68363.73
Fri Oct 18 2024 02:00:00 GMT+0300 (Eastern European Summer Time),68426.11
Thu Oct 17 2024 02:00:00 GMT+0300 (Eastern European Summer Time),67402.33
Wed Oct 16 2024 02:00:00 GMT+0300 (Eastern European Summer Time),67608.44
Tue Oct 15 2024 02:00:00 GMT+0300 (Eastern European Summer Time),67056.6
Mon Oct 14 2024 02:00:00 GMT+0300 (Eastern European Summer Time),66065.65
Sun Oct 13 2024 02:00:00 GMT+0300 (Eastern European Summer Time),62845.3
Sat Oct 12 2024 02:00:00 GMT+0300 (Eastern European Summer Time),63187.47
Fri Oct 11 2024 02:00:00 GMT+0300 (Eastern European Summer Time),62518.75
Thu Oct 10 2024 02:00:00 GMT+0300 (Eastern European Summer Time),60279.53
Wed Oct 09 2024 02:00:00 GMT+0300 (Eastern European Summer Time),60578.28
Tue Oct 08 2024 02:00:00 GMT+0300 (Eastern European Summer Time),62122.02
Mon Oct 07 2024 02:00:00 GMT+0300 (Eastern European Summer Time),62200.28
Sun Oct 06 2024 02:00:00 GMT+0300 (Eastern European Summer Time),62810.86
Sat Oct 05 2024 02:00:00 GMT+0300 (Eastern European Summer Time),62051.29
Fri Oct 04 2024 02:00:00 GMT+0300 (Eastern European Summer Time),62090.71
Thu Oct 03 2024 02:00:00 GMT+0300 (Eastern European Summer Time),60744.99
Wed Oct 02 2024 02:00:00 GMT+0300 (Eastern European Summer Time),60631.37
Tue Oct 01 2024 02:00:00 GMT+0300 (Eastern European Summer Time),60790
Mon Sep 30 2024 02:00:00 GMT+0300 (Eastern European Summer Time),63301.25
Sun Sep 29 2024 02:00:00 GMT+0300 (Eastern European Summer Time),65600.01
Sat Sep 28 2024 02:00:00 GMT+0300 (Eastern European Summer Time),65858.99
Fri Sep 27 2024 02:00:00 GMT+0300 (Eastern European Summer Time),65789
Thu Sep 26 2024 02:00:00 GMT+0300 (Eastern European Summer Time),65177.21
Wed Sep 25 2024 02:00:00 GMT+0300 (Eastern European Summer Time),63130.89
Tue Sep 24 2024 02:00:00 GMT+0300 (Eastern European Summer Time),64272.93
Mon Sep 23 2024 02:00:00 GMT+0300 (Eastern European Summer Time),63338.87
Sun Sep 22 2024 02:00:00 GMT+0300 (Eastern European Summer Time),63577.66
Sat Sep 21 2024 02:00:00 GMT+0300 (Eastern European Summer Time),63362.74
Fri Sep 20 2024 02:00:00 GMT+0300 (Eastern European Summer Time),63210.69
Thu Sep 19 2024 02:00:00 GMT+0300 (Eastern European Summer Time),62960.14
Wed Sep 18 2024 02:00:00 GMT+0300 (Eastern European Summer Time),61769.18
Tue Sep 17 2024 02:00:00 GMT+0300 (Eastern European Summer Time),60312.6
Mon Sep 16 2024 02:00:00 GMT+0300 (Eastern European Summer Time),58208.75
Sun Sep 15 2024 02:00:00 GMT+0300 (Eastern European Summer Time),59122.33
Sat Sep 14 2024 02:00:00 GMT+0300 (Eastern European Summer Time),60012.35
Fri Sep 13 2024 02:00:00 GMT+0300 (Eastern European Summer Time),60543.35
Thu Sep 12 2024 02:00:00 GMT+0300 (Eastern European Summer Time),58137.54
Wed Sep 11 2024 02:00:00 GMT+0300 (Eastern European Summer Time),57352.79
Tue Sep 10 2024 02:00:00 GMT+0300 (Eastern European Summer Time),57645.59
Mon Sep 09 2024 02:00:00 GMT+0300 (Eastern European Summer Time),57053.9
Sun Sep 08 2024 02:00:00 GMT+0300 (Eastern European Summer Time),54881.11
Sat Sep 07 2024 02:00:00 GMT+0300 (Eastern European Summer Time),54156.33
Fri Sep 06 2024 02:00:00 GMT+0300 (Eastern European Summer Time),53950.01
Thu Sep 05 2024 02:00:00 GMT+0300 (Eastern European Summer Time),56156.82
Wed Sep 04 2024 02:00:00 GMT+0300 (Eastern European Summer Time),57971
Tue Sep 03 2024 02:00:00 GMT+0300 (Eastern European Summer Time),57468.84
Mon Sep 02 2024 02:00:00 GMT+0300 (Eastern European Summer Time),59139.83
Sun Sep 01 2024 02:00:00 GMT+0300 (Eastern European Summer Time),57299
Sat Aug 31 2024 02:00:00 GMT+0300 (Eastern European Summer Time),58968.37
Fri Aug 30 2024 02:00:00 GMT+0300 (Eastern European Summer Time),59112.77
Thu Aug 29 2024 02:00:00 GMT+0300 (Eastern European Summer Time),59364.47
Wed Aug 28 2024 02:00:00 GMT+0300 (Eastern European Summer Time),59045.88
Tue Aug 27 2024 02:00:00 GMT+0300 (Eastern European Summer Time),59439.64
Mon Aug 26 2024 02:00:00 GMT+0300 (Eastern European Summer Time),62840
Sun Aug 25 2024 02:00:00 GMT+0300 (Eastern European Summer Time),64251.93
Sat Aug 24 2024 02:00:00 GMT+0300 (Eastern European Summer Time),64179.63
Fri Aug 23 2024 02:00:00 GMT+0300 (Eastern European Summer Time),64086.72
Thu Aug 22 2024 02:00:00 GMT+0300 (Eastern European Summer Time),60383.29
Wed Aug 21 2024 02:00:00 GMT+0300 (Eastern European Summer Time),61163.28
Tue Aug 20 2024 02:00:00 GMT+0300 (Eastern European Summer Time),59017.59
Mon Aug 19 2024 02:00:00 GMT+0300 (Eastern European Summer Time),59452.67
Sun Aug 18 2024 02:00:00 GMT+0300 (Eastern European Summer Time),58437.9
Sat Aug 17 2024 02:00:00 GMT+0300 (Eastern European Summer Time),59497.49
Fri Aug 16 2024 02:00:00 GMT+0300 (Eastern European Summer Time),58888.99
Thu Aug 15 2024 02:00:00 GMT+0300 (Eastern European Summer Time),57543.61
Wed Aug 14 2024 02:00:00 GMT+0300 (Eastern European Summer Time),58690.62
Tue Aug 13 2024 02:00:00 GMT+0300 (Eastern European Summer Time),60603.19
Mon Aug 12 2024 02:00:00 GMT+0300 (Eastern European Summer Time),59358.78
Sun Aug 11 2024 02:00:00 GMT+0300 (Eastern European Summer Time),58722.49
Sat Aug 10 2024 02:00:00 GMT+0300 (Eastern European Summer Time),60935.02
Fri Aug 09 2024 02:00:00 GMT+0300 (Eastern European Summer Time),60862.13
Thu Aug 08 2024 02:00:00 GMT+0300 (Eastern European Summer Time),61705.58
Wed Aug 07 2024 02:00:00 GMT+0300 (Eastern European Summer Time),55148.1
Tue Aug 06 2024 02:00:00 GMT+0300 (Eastern European Summer Time),56048.08
Mon Aug 05 2024 02:00:00 GMT+0300 (Eastern European Summer Time),54029.12
Sun Aug 04 2024 02:00:00 GMT+0300 (Eastern European Summer Time),58130.95
Sat Aug 03 2024 02:00:00 GMT+0300 (Eastern European Summer Time),60674.93
Fri Aug 02 2024 02:00:00 GMT+0300 (Eastern European Summer Time),61418.06
Thu Aug 01 2024 02:00:00 GMT+0300 (Eastern European Summer Time),65288.18
Wed Jul 31 2024 02:00:00 GMT+0300 (Eastern European Summer Time),64609.62
Tue Jul 30 2024 02:00:00 GMT+0300 (Eastern European Summer Time),66169.68
Mon Jul 29 2024 02:00:00 GMT+0300 (Eastern European Summer Time),66771.45
Sun Jul 28 2024 02:00:00 GMT+0300 (Eastern European Summer Time),68244.3
Sat Jul 27 2024 02:00:00 GMT+0300 (Eastern European Summer Time),67899.41
Fri Jul 26 2024 02:00:00 GMT+0300 (Eastern European Summer Time),67924.08
Thu Jul 25 2024 02:00:00 GMT+0300 (Eastern European Summer Time),65795.42
Wed Jul 24 2024 02:00:00 GMT+0300 (Eastern European Summer Time),65366.4
Tue Jul 23 2024 02:00:00 GMT+0300 (Eastern European Summer Time),65939.24
Mon Jul 22 2024 02:00:00 GMT+0300 (Eastern European Summer Time),67558.22
Sun Jul 21 2024 02:00:00 GMT+0300 (Eastern European Summer Time),68181.28
Sat Jul 20 2024 02:00:00 GMT+0300 (Eastern European Summer Time),67163.83
Fri Jul 19 2024 02:00:00 GMT+0300 (Eastern European Summer Time),66707.61
Thu Jul 18 2024 02:00:00 GMT+0300 (Eastern European Summer Time),63982.86
Wed Jul 17 2024 02:00:00 GMT+0300 (Eastern European Summer Time),64085.81
Tue Jul 16 2024 02:00:00 GMT+0300 (Eastern European Summer Time),65088.99
Mon Jul 15 2024 02:00:00 GMT+0300 (Eastern European Summer Time),64757.16
Sun Jul 14 2024 02:00:00 GMT+0300 (Eastern European Summer Time),60808.42
Sat Jul 13 2024 02:00:00 GMT+0300 (Eastern European Summer Time),59224.58
Fri Jul 12 2024 02:00:00 GMT+0300 (Eastern European Summer Time),57909.03
Thu Jul 11 2024 02:00:00 GMT+0300 (Eastern European Summer Time),57340.77
Wed Jul 10 2024 02:00:00 GMT+0300 (Eastern European Summer Time),57712.59
Tue Jul 09 2024 02:00:00 GMT+0300 (Eastern European Summer Time),58047.86
Mon Jul 08 2024 02:00:00 GMT+0300 (Eastern European Summer Time),56699.43
Sun Jul 07 2024 02:00:00 GMT+0300 (Eastern European Summer Time),55854.09
Sat Jul 06 2024 02:00:00 GMT+0300 (Eastern European Summer Time),58244.75
Fri Jul 05 2024 02:00:00 GMT+0300 (Eastern European Summer Time),56639.43
Thu Jul 04 2024 02:00:00 GMT+0300 (Eastern European Summer Time),57042.14
Wed Jul 03 2024 02:00:00 GMT+0300 (Eastern European Summer Time),60145.01
Tue Jul 02 2024 02:00:00 GMT+0300 (Eastern European Summer Time),62040.22
Mon Jul 01 2024 02:00:00 GMT+0300 (Eastern European Summer Time),62830.13
Sun Jun 30 2024 02:00:00 GMT+0300 (Eastern European Summer Time),62668.26
Sat Jun 29 2024 02:00:00 GMT+0300 (Eastern European Summer Time),60885.67
Fri Jun 28 2024 02:00:00 GMT+0300 (Eastern European Summer Time),60313.35
Thu Jun 27 2024 02:00:00 GMT+0300 (Eastern European Summer Time),61615.39
Wed Jun 26 2024 02:00:00 GMT+0300 (Eastern European Summer Time),60816.68
Tue Jun 25 2024 02:00:00 GMT+0300 (Eastern European Summer Time),61789.71
Mon Jun 24 2024 02:00:00 GMT+0300 (Eastern European Summer Time),60263
Sun Jun 23 2024 02:00:00 GMT+0300 (Eastern European Summer Time),63171.43
Sat Jun 22 2024 02:00:00 GMT+0300 (Eastern European Summer Time),64235.01
Fri Jun 21 2024 02:00:00 GMT+0300 (Eastern European Summer Time),64120.28
Thu Jun 20 2024 02:00:00 GMT+0300 (Eastern European Summer Time),64840.88
Wed Jun 19 2024 02:00:00 GMT+0300 (Eastern European Summer Time),64943.79
Tue Jun 18 2024 02:00:00 GMT+0300 (Eastern European Summer Time),65152.8
Mon Jun 17 2024 02:00:00 GMT+0300 (Eastern European Summer Time),66481.81
Sun Jun 16 2024 02:00:00 GMT+0300 (Eastern European Summer Time),66628.75
Sat Jun 15 2024 02:00:00 GMT+0300 (Eastern European Summer Time),66192
Fri Jun 14 2024 02:00:00 GMT+0300 (Eastern European Summer Time),66004.39
Thu Jun 13 2024 02:00:00 GMT+0300 (Eastern European Summer Time),66738.85
Wed Jun 12 2024 02:00:00 GMT+0300 (Eastern European Summer Time),68248.6
Tue Jun 11 2024 02:00:00 GMT+0300 (Eastern European Summer Time),67316.53
Mon Jun 10 2024 02:00:00 GMT+0300 (Eastern European Summer Time),69497.73
Sun Jun 09 2024 02:00:00 GMT+0300 (Eastern European Summer Time),69637.87
Sat Jun 08 2024 02:00:00 GMT+0300 (Eastern European Summer Time),69304.05
Fri Jun 07 2024 02:00:00 GMT+0300 (Eastern European Summer Time),69324.53
Thu Jun 06 2024 02:00:00 GMT+0300 (Eastern European Summer Time),70773.64
Wed Jun 05 2024 02:00:00 GMT+0300 (Eastern European Summer Time),71121.11
Tue Jun 04 2024 02:00:00 GMT+0300 (Eastern European Summer Time),70542.32
Mon Jun 03 2024 02:00:00 GMT+0300 (Eastern European Summer Time),68791
Sun Jun 02 2024 02:00:00 GMT+0300 (Eastern European Summer Time),67735.52
Sat Jun 01 2024 02:00:00 GMT+0300 (Eastern European Summer Time),67719.29
Fri May 31 2024 02:00:00 GMT+0300 (Eastern European Summer Time),67472.41
Thu May 30 2024 02:00:00 GMT+0300 (Eastern European Summer Time),68338.58
Wed May 29 2024 02:00:00 GMT+0300 (Eastern European Summer Time),67569.45
Tue May 28 2024 02:00:00 GMT+0300 (Eastern European Summer Time),68321.98
Mon May 27 2024 02:00:00 GMT+0300 (Eastern European Summer Time),69368.72
Sun May 26 2024 02:00:00 GMT+0300 (Eastern European Summer Time),68473.72
Sat May 25 2024 02:00:00 GMT+0300 (Eastern European Summer Time),69289.67
Fri May 24 2024 02:00:00 GMT+0300 (Eastern European Summer Time),68547.8
Thu May 23 2024 02:00:00 GMT+0300 (Eastern European Summer Time),67940.45
Wed May 22 2024 02:00:00 GMT+0300 (Eastern European Summer Time),69109.93
Tue May 21 2024 02:00:00 GMT+0300 (Eastern European Summer Time),70142.84
Mon May 20 2024 02:00:00 GMT+0300 (Eastern European Summer Time),71432.17
Sun May 19 2024 02:00:00 GMT+0300 (Eastern European Summer Time),66261.62
Sat May 18 2024 02:00:00 GMT+0300 (Eastern European Summer Time),66923.87
Fri May 17 2024 02:00:00 GMT+0300 (Eastern European Summer Time),67046.33
Thu May 16 2024 02:00:00 GMT+0300 (Eastern European Summer Time),65252.18
Wed May 15 2024 02:00:00 GMT+0300 (Eastern European Summer Time),66244.69
Tue May 14 2024 02:00:00 GMT+0300 (Eastern European Summer Time),61539.84
Mon May 13 2024 02:00:00 GMT+0300 (Eastern European Summer Time),62932.37
Sun May 12 2024 02:00:00 GMT+0300 (Eastern European Summer Time),61453.02
Sat May 11 2024 02:00:00 GMT+0300 (Eastern European Summer Time),60814.63
Fri May 10 2024 02:00:00 GMT+0300 (Eastern European Summer Time),60787.47
Thu May 09 2024 02:00:00 GMT+0300 (Eastern European Summer Time),63073.57
Wed May 08 2024 02:00:00 GMT+0300 (Eastern European Summer Time),61169.53
Tue May 07 2024 02:00:00 GMT+0300 (Eastern European Summer Time),62315.76
Mon May 06 2024 02:00:00 GMT+0300 (Eastern European Summer Time),63162.24
Sun May 05 2024 02:00:00 GMT+0300 (Eastern European Summer Time),64023.45
Sat May 04 2024 02:00:00 GMT+0300 (Eastern European Summer Time),63902.88
Fri May 03 2024 02:00:00 GMT+0300 (Eastern European Summer Time),62913.03
Thu May 02 2024 02:00:00 GMT+0300 (Eastern European Summer Time),59071.89
Wed May 01 2024 02:00:00 GMT+0300 (Eastern European Summer Time),58265.59
Tue Apr 30 2024 02:00:00 GMT+0300 (Eastern European Summer Time),60622.1
Mon Apr 29 2024 02:00:00 GMT+0300 (Eastern European Summer Time),63844.85
Sun Apr 28 2024 02:00:00 GMT+0300 (Eastern European Summer Time),63108.94
Sat Apr 27 2024 02:00:00 GMT+0300 (Eastern European Summer Time),63422
Fri Apr 26 2024 02:00:00 GMT+0300 (Eastern European Summer Time),63742.39
Thu Apr 25 2024 02:00:00 GMT+0300 (Eastern European Summer Time),64484.44
Wed Apr 24 2024 02:00:00 GMT+0300 (Eastern European Summer Time),64255.78
Tue Apr 23 2024 02:00:00 GMT+0300 (Eastern European Summer Time),66414.16