Date,Name,Index
Fri Apr 25 2025 02:00:00 GMT+0300 (Eastern European Summer Time),BZ=F,65.99
Fri Apr 25 2025 02:00:00 GMT+0300 (Eastern European Summer Time),CL=F,63.02
Thu Apr 24 2025 02:00:00 GMT+0300 (Eastern European Summer Time),BZ=F,65.65
Thu Apr 24 2025 02:00:00 GMT+0300 (Eastern European Summer Time),CL=F,62.79
Wed Apr 23 2025 02:00:00 GMT+0300 (Eastern European Summer Time),BZ=F,65.18
Wed Apr 23 2025 02:00:00 GMT+0300 (Eastern European Summer Time),CL=F,62.27
Tue Apr 22 2025 02:00:00 GMT+0300 (Eastern European Summer Time),BZ=F,66.48
Tue Apr 22 2025 02:00:00 GMT+0300 (Eastern European Summer Time),CL=F,64.31
Mon Apr 21 2025 02:00:00 GMT+0300 (Eastern European Summer Time),BZ=F,65.3
Mon Apr 21 2025 02:00:00 GMT+0300 (Eastern European Summer Time),CL=F,63.08
Sun Apr 20 2025 02:00:00 GMT+0300 (Eastern European Summer Time),BZ=F,65.97
Sun Apr 20 2025 02:00:00 GMT+0300 (Eastern European Summer Time),CL=F,62.98
Thu Apr 17 2025 02:00:00 GMT+0300 (Eastern European Summer Time),BZ=F,67
Thu Apr 17 2025 02:00:00 GMT+0300 (Eastern European Summer Time),CL=F,64.68
Wed Apr 16 2025 02:00:00 GMT+0300 (Eastern European Summer Time),BZ=F,64.96
Wed Apr 16 2025 02:00:00 GMT+0300 (Eastern European Summer Time),CL=F,62.47
Tue Apr 15 2025 02:00:00 GMT+0300 (Eastern European Summer Time),BZ=F,63.88
Tue Apr 15 2025 02:00:00 GMT+0300 (Eastern European Summer Time),CL=F,61.33
Mon Apr 14 2025 02:00:00 GMT+0300 (Eastern European Summer Time),BZ=F,64.22
Mon Apr 14 2025 02:00:00 GMT+0300 (Eastern European Summer Time),CL=F,61.53
Fri Apr 11 2025 02:00:00 GMT+0300 (Eastern European Summer Time),BZ=F,64.01
Fri Apr 11 2025 02:00:00 GMT+0300 (Eastern European Summer Time),CL=F,61.5
Thu Apr 10 2025 02:00:00 GMT+0300 (Eastern European Summer Time),BZ=F,62.78
Thu Apr 10 2025 02:00:00 GMT+0300 (Eastern European Summer Time),CL=F,60.07
Wed Apr 09 2025 02:00:00 GMT+0300 (Eastern European Summer Time),BZ=F,64.88
Wed Apr 09 2025 02:00:00 GMT+0300 (Eastern European Summer Time),CL=F,62.35
Tue Apr 08 2025 02:00:00 GMT+0300 (Eastern European Summer Time),BZ=F,62.34
Tue Apr 08 2025 02:00:00 GMT+0300 (Eastern European Summer Time),CL=F,59.58
Mon Apr 07 2025 02:00:00 GMT+0300 (Eastern European Summer Time),BZ=F,63.82
Mon Apr 07 2025 02:00:00 GMT+0300 (Eastern European Summer Time),CL=F,60.7
Sun Apr 06 2025 02:00:00 GMT+0300 (Eastern European Summer Time),BZ=F,63.45
Sun Apr 06 2025 02:00:00 GMT+0300 (Eastern European Summer Time),CL=F,59.8
Fri Apr 04 2025 02:00:00 GMT+0300 (Eastern European Summer Time),BZ=F,64.95
Fri Apr 04 2025 02:00:00 GMT+0300 (Eastern European Summer Time),CL=F,61.99
Thu Apr 03 2025 02:00:00 GMT+0300 (Eastern European Summer Time),BZ=F,69.42
Thu Apr 03 2025 02:00:00 GMT+0300 (Eastern European Summer Time),CL=F,66.95
Wed Apr 02 2025 02:00:00 GMT+0300 (Eastern European Summer Time),BZ=F,74.14
Wed Apr 02 2025 02:00:00 GMT+0300 (Eastern European Summer Time),CL=F,71.71
Tue Apr 01 2025 02:00:00 GMT+0300 (Eastern European Summer Time),BZ=F,73.75
Tue Apr 01 2025 02:00:00 GMT+0300 (Eastern European Summer Time),CL=F,71.2
Mon Mar 31 2025 02:00:00 GMT+0300 (Eastern European Summer Time),BZ=F,73.97
Mon Mar 31 2025 02:00:00 GMT+0300 (Eastern European Summer Time),CL=F,71.48
Sun Mar 30 2025 02:00:00 GMT+0200 (Eastern European Standard Time),BZ=F,72.95
Sun Mar 30 2025 02:00:00 GMT+0200 (Eastern European Standard Time),CL=F,69.61
Fri Mar 28 2025 02:00:00 GMT+0200 (Eastern European Standard Time),BZ=F,72.02
Fri Mar 28 2025 02:00:00 GMT+0200 (Eastern European Standard Time),CL=F,69.36
Thu Mar 27 2025 02:00:00 GMT+0200 (Eastern European Standard Time),BZ=F,73.34
Thu Mar 27 2025 02:00:00 GMT+0200 (Eastern European Standard Time),CL=F,69.92
Wed Mar 26 2025 02:00:00 GMT+0200 (Eastern European Standard Time),BZ=F,73.06
Wed Mar 26 2025 02:00:00 GMT+0200 (Eastern European Standard Time),CL=F,69.65
Tue Mar 25 2025 02:00:00 GMT+0200 (Eastern European Standard Time),BZ=F,72.39
Tue Mar 25 2025 02:00:00 GMT+0200 (Eastern European Standard Time),CL=F,69
Mon Mar 24 2025 02:00:00 GMT+0200 (Eastern European Standard Time),BZ=F,72.37
Mon Mar 24 2025 02:00:00 GMT+0200 (Eastern European Standard Time),CL=F,69.11
Sun Mar 23 2025 02:00:00 GMT+0200 (Eastern European Standard Time),BZ=F,72.23
Sun Mar 23 2025 02:00:00 GMT+0200 (Eastern European Standard Time),CL=F,68.42
Fri Mar 21 2025 02:00:00 GMT+0200 (Eastern European Standard Time),BZ=F,71.61
Fri Mar 21 2025 02:00:00 GMT+0200 (Eastern European Standard Time),CL=F,68.28
Thu Mar 20 2025 02:00:00 GMT+0200 (Eastern European Standard Time),BZ=F,71.47
Thu Mar 20 2025 02:00:00 GMT+0200 (Eastern European Standard Time),CL=F,68.26
Wed Mar 19 2025 02:00:00 GMT+0200 (Eastern European Standard Time),BZ=F,70.32
Wed Mar 19 2025 02:00:00 GMT+0200 (Eastern European Standard Time),CL=F,67.16
Tue Mar 18 2025 02:00:00 GMT+0200 (Eastern European Standard Time),BZ=F,70.12
Tue Mar 18 2025 02:00:00 GMT+0200 (Eastern European Standard Time),CL=F,66.9
Mon Mar 17 2025 02:00:00 GMT+0200 (Eastern European Standard Time),BZ=F,70.6
Mon Mar 17 2025 02:00:00 GMT+0200 (Eastern European Standard Time),CL=F,67.58
Sun Mar 16 2025 02:00:00 GMT+0200 (Eastern European Standard Time),BZ=F,71.05
Sun Mar 16 2025 02:00:00 GMT+0200 (Eastern European Standard Time),CL=F,67.59
Fri Mar 14 2025 02:00:00 GMT+0200 (Eastern European Standard Time),BZ=F,70.06
Fri Mar 14 2025 02:00:00 GMT+0200 (Eastern European Standard Time),CL=F,67.18
Thu Mar 13 2025 02:00:00 GMT+0200 (Eastern European Standard Time),BZ=F,69.4
Thu Mar 13 2025 02:00:00 GMT+0200 (Eastern European Standard Time),CL=F,66.55
Wed Mar 12 2025 02:00:00 GMT+0200 (Eastern European Standard Time),BZ=F,70.45
Wed Mar 12 2025 02:00:00 GMT+0200 (Eastern European Standard Time),CL=F,67.68
Tue Mar 11 2025 02:00:00 GMT+0200 (Eastern European Standard Time),BZ=F,69.05
Tue Mar 11 2025 02:00:00 GMT+0200 (Eastern European Standard Time),CL=F,66.25
Mon Mar 10 2025 02:00:00 GMT+0200 (Eastern European Standard Time),BZ=F,68.79
Mon Mar 10 2025 02:00:00 GMT+0200 (Eastern European Standard Time),CL=F,66.03
Sun Mar 09 2025 02:00:00 GMT+0200 (Eastern European Standard Time),BZ=F,70.29
Sun Mar 09 2025 02:00:00 GMT+0200 (Eastern European Standard Time),CL=F,66.93
Fri Mar 07 2025 02:00:00 GMT+0200 (Eastern European Standard Time),BZ=F,69.88
Fri Mar 07 2025 02:00:00 GMT+0200 (Eastern European Standard Time),CL=F,67.04
Thu Mar 06 2025 02:00:00 GMT+0200 (Eastern European Standard Time),BZ=F,68.98
Thu Mar 06 2025 02:00:00 GMT+0200 (Eastern European Standard Time),CL=F,66.36
Wed Mar 05 2025 02:00:00 GMT+0200 (Eastern European Standard Time),BZ=F,68.9
Wed Mar 05 2025 02:00:00 GMT+0200 (Eastern European Standard Time),CL=F,66.31
Tue Mar 04 2025 02:00:00 GMT+0200 (Eastern European Standard Time),BZ=F,70.56
Tue Mar 04 2025 02:00:00 GMT+0200 (Eastern European Standard Time),CL=F,68.26
Mon Mar 03 2025 02:00:00 GMT+0200 (Eastern European Standard Time),BZ=F,71.16
Mon Mar 03 2025 02:00:00 GMT+0200 (Eastern European Standard Time),CL=F,68.37
Sun Mar 02 2025 02:00:00 GMT+0200 (Eastern European Standard Time),BZ=F,73.17
Sun Mar 02 2025 02:00:00 GMT+0200 (Eastern European Standard Time),CL=F,70.07
Fri Feb 28 2025 02:00:00 GMT+0200 (Eastern European Standard Time),BZ=F,72.28
Fri Feb 28 2025 02:00:00 GMT+0200 (Eastern European Standard Time),CL=F,69.76
Thu Feb 27 2025 02:00:00 GMT+0200 (Eastern European Standard Time),BZ=F,73.06
Thu Feb 27 2025 02:00:00 GMT+0200 (Eastern European Standard Time),CL=F,70.35
Wed Feb 26 2025 02:00:00 GMT+0200 (Eastern European Standard Time),BZ=F,72.07
Wed Feb 26 2025 02:00:00 GMT+0200 (Eastern European Standard Time),CL=F,68.62
Tue Feb 25 2025 02:00:00 GMT+0200 (Eastern European Standard Time),BZ=F,72.5
Tue Feb 25 2025 02:00:00 GMT+0200 (Eastern European Standard Time),CL=F,68.93
Mon Feb 24 2025 02:00:00 GMT+0200 (Eastern European Standard Time),BZ=F,74.31
Mon Feb 24 2025 02:00:00 GMT+0200 (Eastern European Standard Time),CL=F,70.7
Sun Feb 23 2025 02:00:00 GMT+0200 (Eastern European Standard Time),BZ=F,74.32
Sun Feb 23 2025 02:00:00 GMT+0200 (Eastern European Standard Time),CL=F,70.23
Fri Feb 21 2025 02:00:00 GMT+0200 (Eastern European Standard Time),BZ=F,74.43
Fri Feb 21 2025 02:00:00 GMT+0200 (Eastern European Standard Time),CL=F,70.4
Thu Feb 20 2025 02:00:00 GMT+0200 (Eastern European Standard Time),BZ=F,76.48
Thu Feb 20 2025 02:00:00 GMT+0200 (Eastern European Standard Time),CL=F,72.57
Wed Feb 19 2025 02:00:00 GMT+0200 (Eastern European Standard Time),BZ=F,76.04
Wed Feb 19 2025 02:00:00 GMT+0200 (Eastern European Standard Time),CL=F,72.25
Tue Feb 18 2025 02:00:00 GMT+0200 (Eastern European Standard Time),BZ=F,75.84
Tue Feb 18 2025 02:00:00 GMT+0200 (Eastern European Standard Time),CL=F,71.85
Mon Feb 17 2025 02:00:00 GMT+0200 (Eastern European Standard Time),BZ=F,75.22
Mon Feb 17 2025 02:00:00 GMT+0200 (Eastern European Standard Time),CL=F,71.39
Sun Feb 16 2025 02:00:00 GMT+0200 (Eastern European Standard Time),BZ=F,74.41
Sun Feb 16 2025 02:00:00 GMT+0200 (Eastern European Standard Time),CL=F,70.4
Fri Feb 14 2025 02:00:00 GMT+0200 (Eastern European Standard Time),BZ=F,74.74
Fri Feb 14 2025 02:00:00 GMT+0200 (Eastern European Standard Time),CL=F,70.74
Thu Feb 13 2025 02:00:00 GMT+0200 (Eastern European Standard Time),BZ=F,75.02
Thu Feb 13 2025 02:00:00 GMT+0200 (Eastern European Standard Time),CL=F,71.29
Wed Feb 12 2025 02:00:00 GMT+0200 (Eastern European Standard Time),BZ=F,75.18
Wed Feb 12 2025 02:00:00 GMT+0200 (Eastern European Standard Time),CL=F,71.37
Tue Feb 11 2025 02:00:00 GMT+0200 (Eastern European Standard Time),BZ=F,77
Tue Feb 11 2025 02:00:00 GMT+0200 (Eastern European Standard Time),CL=F,73.32
Mon Feb 10 2025 02:00:00 GMT+0200 (Eastern European Standard Time),BZ=F,75.87
Mon Feb 10 2025 02:00:00 GMT+0200 (Eastern European Standard Time),CL=F,72.32
Sun Feb 09 2025 02:00:00 GMT+0200 (Eastern European Standard Time),BZ=F,74.55
Sun Feb 09 2025 02:00:00 GMT+0200 (Eastern European Standard Time),CL=F,70.88
Fri Feb 07 2025 02:00:00 GMT+0200 (Eastern European Standard Time),BZ=F,74.66
Fri Feb 07 2025 02:00:00 GMT+0200 (Eastern European Standard Time),CL=F,71
Thu Feb 06 2025 02:00:00 GMT+0200 (Eastern European Standard Time),BZ=F,74.29
Thu Feb 06 2025 02:00:00 GMT+0200 (Eastern European Standard Time),CL=F,70.61
Wed Feb 05 2025 02:00:00 GMT+0200 (Eastern European Standard Time),BZ=F,74.61
Wed Feb 05 2025 02:00:00 GMT+0200 (Eastern European Standard Time),CL=F,71.03
Tue Feb 04 2025 02:00:00 GMT+0200 (Eastern European Standard Time),BZ=F,76.2
Tue Feb 04 2025 02:00:00 GMT+0200 (Eastern European Standard Time),CL=F,72.7
Mon Feb 03 2025 02:00:00 GMT+0200 (Eastern European Standard Time),BZ=F,75.96
Mon Feb 03 2025 02:00:00 GMT+0200 (Eastern European Standard Time),CL=F,73.16
Sun Feb 02 2025 02:00:00 GMT+0200 (Eastern European Standard Time),BZ=F,76.33
Sun Feb 02 2025 02:00:00 GMT+0200 (Eastern European Standard Time),CL=F,74.54
Fri Jan 31 2025 02:00:00 GMT+0200 (Eastern European Standard Time),BZ=F,75.67
Fri Jan 31 2025 02:00:00 GMT+0200 (Eastern European Standard Time),CL=F,72.53
Thu Jan 30 2025 02:00:00 GMT+0200 (Eastern European Standard Time),BZ=F,75.89
Thu Jan 30 2025 02:00:00 GMT+0200 (Eastern European Standard Time),CL=F,72.73
Wed Jan 29 2025 02:00:00 GMT+0200 (Eastern European Standard Time),BZ=F,75.61
Wed Jan 29 2025 02:00:00 GMT+0200 (Eastern European Standard Time),CL=F,72.62
Tue Jan 28 2025 02:00:00 GMT+0200 (Eastern European Standard Time),BZ=F,76.49
Tue Jan 28 2025 02:00:00 GMT+0200 (Eastern European Standard Time),CL=F,73.77
Mon Jan 27 2025 02:00:00 GMT+0200 (Eastern European Standard Time),BZ=F,76.18
Mon Jan 27 2025 02:00:00 GMT+0200 (Eastern European Standard Time),CL=F,73.17
Sun Jan 26 2025 02:00:00 GMT+0200 (Eastern European Standard Time),BZ=F,78.21
Sun Jan 26 2025 02:00:00 GMT+0200 (Eastern European Standard Time),CL=F,74.45
Fri Jan 24 2025 02:00:00 GMT+0200 (Eastern European Standard Time),BZ=F,78.5
Fri Jan 24 2025 02:00:00 GMT+0200 (Eastern European Standard Time),CL=F,74.66
Thu Jan 23 2025 02:00:00 GMT+0200 (Eastern European Standard Time),BZ=F,78.29
Thu Jan 23 2025 02:00:00 GMT+0200 (Eastern European Standard Time),CL=F,74.62
Wed Jan 22 2025 02:00:00 GMT+0200 (Eastern European Standard Time),BZ=F,79
Wed Jan 22 2025 02:00:00 GMT+0200 (Eastern European Standard Time),CL=F,75.44
Tue Jan 21 2025 02:00:00 GMT+0200 (Eastern European Standard Time),BZ=F,79.29
Tue Jan 21 2025 02:00:00 GMT+0200 (Eastern European Standard Time),CL=F,75.89
Mon Jan 20 2025 02:00:00 GMT+0200 (Eastern European Standard Time),BZ=F,80.15
Mon Jan 20 2025 02:00:00 GMT+0200 (Eastern European Standard Time),CL=F,76.89
Sun Jan 19 2025 02:00:00 GMT+0200 (Eastern European Standard Time),BZ=F,80.82
Sun Jan 19 2025 02:00:00 GMT+0200 (Eastern European Standard Time),CL=F,78.19
Fri Jan 17 2025 02:00:00 GMT+0200 (Eastern European Standard Time),BZ=F,80.79
Fri Jan 17 2025 02:00:00 GMT+0200 (Eastern European Standard Time),CL=F,77.88
Thu Jan 16 2025 02:00:00 GMT+0200 (Eastern European Standard Time),BZ=F,81.29
Thu Jan 16 2025 02:00:00 GMT+0200 (Eastern European Standard Time),CL=F,78.69
Wed Jan 15 2025 02:00:00 GMT+0200 (Eastern European Standard Time),BZ=F,82.03
Wed Jan 15 2025 02:00:00 GMT+0200 (Eastern European Standard Time),CL=F,80.04
Tue Jan 14 2025 02:00:00 GMT+0200 (Eastern European Standard Time),BZ=F,79.92
Tue Jan 14 2025 02:00:00 GMT+0200 (Eastern European Standard Time),CL=F,77.5
Mon Jan 13 2025 02:00:00 GMT+0200 (Eastern European Standard Time),BZ=F,81.01
Mon Jan 13 2025 02:00:00 GMT+0200 (Eastern European Standard Time),CL=F,78.82
Sun Jan 12 2025 02:00:00 GMT+0200 (Eastern European Standard Time),BZ=F,80.51
Sun Jan 12 2025 02:00:00 GMT+0200 (Eastern European Standard Time),CL=F,77.4
Fri Jan 10 2025 02:00:00 GMT+0200 (Eastern European Standard Time),BZ=F,79.76
Fri Jan 10 2025 02:00:00 GMT+0200 (Eastern European Standard Time),CL=F,76.57
Thu Jan 09 2025 02:00:00 GMT+0200 (Eastern European Standard Time),BZ=F,76.92
Thu Jan 09 2025 02:00:00 GMT+0200 (Eastern European Standard Time),CL=F,73.92
Wed Jan 08 2025 02:00:00 GMT+0200 (Eastern European Standard Time),BZ=F,76.16
Wed Jan 08 2025 02:00:00 GMT+0200 (Eastern European Standard Time),CL=F,73.32
Tue Jan 07 2025 02:00:00 GMT+0200 (Eastern European Standard Time),BZ=F,77.05
Tue Jan 07 2025 02:00:00 GMT+0200 (Eastern European Standard Time),CL=F,74.25
Mon Jan 06 2025 02:00:00 GMT+0200 (Eastern European Standard Time),BZ=F,76.3
Mon Jan 06 2025 02:00:00 GMT+0200 (Eastern European Standard Time),CL=F,73.56
Sun Jan 05 2025 02:00:00 GMT+0200 (Eastern European Standard Time),BZ=F,76.57
Sun Jan 05 2025 02:00:00 GMT+0200 (Eastern European Standard Time),CL=F,74.12
Fri Jan 03 2025 02:00:00 GMT+0200 (Eastern European Standard Time),BZ=F,76.51
Fri Jan 03 2025 02:00:00 GMT+0200 (Eastern European Standard Time),CL=F,73.96
Thu Jan 02 2025 02:00:00 GMT+0200 (Eastern European Standard Time),BZ=F,75.93
Thu Jan 02 2025 02:00:00 GMT+0200 (Eastern European Standard Time),CL=F,73.13
Wed Jan 01 2025 02:00:00 GMT+0200 (Eastern European Standard Time),BZ=F,74.88
Wed Jan 01 2025 02:00:00 GMT+0200 (Eastern European Standard Time),CL=F,71.93
Tue Dec 31 2024 02:00:00 GMT+0200 (Eastern European Standard Time),BZ=F,74.64
Tue Dec 31 2024 02:00:00 GMT+0200 (Eastern European Standard Time),CL=F,71.72
Mon Dec 30 2024 02:00:00 GMT+0200 (Eastern European Standard Time),BZ=F,73.99
Mon Dec 30 2024 02:00:00 GMT+0200 (Eastern European Standard Time),CL=F,70.99
Sun Dec 29 2024 02:00:00 GMT+0200 (Eastern European Standard Time),BZ=F,73.49
Sun Dec 29 2024 02:00:00 GMT+0200 (Eastern European Standard Time),CL=F,70.23
Fri Dec 27 2024 02:00:00 GMT+0200 (Eastern European Standard Time),BZ=F,73.79
Fri Dec 27 2024 02:00:00 GMT+0200 (Eastern European Standard Time),CL=F,70.6
Thu Dec 26 2024 02:00:00 GMT+0200 (Eastern European Standard Time),BZ=F,72.85
Thu Dec 26 2024 02:00:00 GMT+0200 (Eastern European Standard Time),CL=F,69.62
Wed Dec 25 2024 02:00:00 GMT+0200 (Eastern European Standard Time),BZ=F,73.66
Wed Dec 25 2024 02:00:00 GMT+0200 (Eastern European Standard Time),CL=F,70.23
Tue Dec 24 2024 02:00:00 GMT+0200 (Eastern European Standard Time),BZ=F,73.17
Tue Dec 24 2024 02:00:00 GMT+0200 (Eastern European Standard Time),CL=F,70.1
Mon Dec 23 2024 02:00:00 GMT+0200 (Eastern European Standard Time),BZ=F,72.32
Mon Dec 23 2024 02:00:00 GMT+0200 (Eastern European Standard Time),CL=F,69.24
Sun Dec 22 2024 02:00:00 GMT+0200 (Eastern European Standard Time),BZ=F,72.58
Sun Dec 22 2024 02:00:00 GMT+0200 (Eastern European Standard Time),CL=F,69.5
Fri Dec 20 2024 02:00:00 GMT+0200 (Eastern European Standard Time),BZ=F,72.56
Fri Dec 20 2024 02:00:00 GMT+0200 (Eastern European Standard Time),CL=F,69.46
Thu Dec 19 2024 02:00:00 GMT+0200 (Eastern European Standard Time),BZ=F,72.45
Thu Dec 19 2024 02:00:00 GMT+0200 (Eastern European Standard Time),CL=F,69.91
Wed Dec 18 2024 02:00:00 GMT+0200 (Eastern European Standard Time),BZ=F,73
Wed Dec 18 2024 02:00:00 GMT+0200 (Eastern European Standard Time),CL=F,70.58
Tue Dec 17 2024 02:00:00 GMT+0200 (Eastern European Standard Time),BZ=F,72.85
Tue Dec 17 2024 02:00:00 GMT+0200 (Eastern European Standard Time),CL=F,70.08
Mon Dec 16 2024 02:00:00 GMT+0200 (Eastern European Standard Time),BZ=F,73.52
Mon Dec 16 2024 02:00:00 GMT+0200 (Eastern European Standard Time),CL=F,70.71
Sun Dec 15 2024 02:00:00 GMT+0200 (Eastern European Standard Time),BZ=F,74.41
Sun Dec 15 2024 02:00:00 GMT+0200 (Eastern European Standard Time),CL=F,71.07
Fri Dec 13 2024 02:00:00 GMT+0200 (Eastern European Standard Time),BZ=F,74.09
Fri Dec 13 2024 02:00:00 GMT+0200 (Eastern European Standard Time),CL=F,71.29
Thu Dec 12 2024 02:00:00 GMT+0200 (Eastern European Standard Time),BZ=F,73.08
Thu Dec 12 2024 02:00:00 GMT+0200 (Eastern European Standard Time),CL=F,70.02
Wed Dec 11 2024 02:00:00 GMT+0200 (Eastern European Standard Time),BZ=F,73.14
Wed Dec 11 2024 02:00:00 GMT+0200 (Eastern European Standard Time),CL=F,70.29
Tue Dec 10 2024 02:00:00 GMT+0200 (Eastern European Standard Time),BZ=F,71.9
Tue Dec 10 2024 02:00:00 GMT+0200 (Eastern European Standard Time),CL=F,68.59
Mon Dec 09 2024 02:00:00 GMT+0200 (Eastern European Standard Time),BZ=F,71.84
Mon Dec 09 2024 02:00:00 GMT+0200 (Eastern European Standard Time),CL=F,68.37
Sun Dec 08 2024 02:00:00 GMT+0200 (Eastern European Standard Time),BZ=F,71.21
Sun Dec 08 2024 02:00:00 GMT+0200 (Eastern European Standard Time),CL=F,67.16
Fri Dec 06 2024 02:00:00 GMT+0200 (Eastern European Standard Time),BZ=F,70.8
Fri Dec 06 2024 02:00:00 GMT+0200 (Eastern European Standard Time),CL=F,67.2
Thu Dec 05 2024 02:00:00 GMT+0200 (Eastern European Standard Time),BZ=F,71.68
Thu Dec 05 2024 02:00:00 GMT+0200 (Eastern European Standard Time),CL=F,68.3
Wed Dec 04 2024 02:00:00 GMT+0200 (Eastern European Standard Time),BZ=F,71.93
Wed Dec 04 2024 02:00:00 GMT+0200 (Eastern European Standard Time),CL=F,68.54
Tue Dec 03 2024 02:00:00 GMT+0200 (Eastern European Standard Time),BZ=F,73.2
Tue Dec 03 2024 02:00:00 GMT+0200 (Eastern European Standard Time),CL=F,69.94
Mon Dec 02 2024 02:00:00 GMT+0200 (Eastern European Standard Time),BZ=F,71.54
Mon Dec 02 2024 02:00:00 GMT+0200 (Eastern European Standard Time),CL=F,68.1
Sun Dec 01 2024 02:00:00 GMT+0200 (Eastern European Standard Time),BZ=F,71.97
Sun Dec 01 2024 02:00:00 GMT+0200 (Eastern European Standard Time),CL=F,68.14
Fri Nov 29 2024 02:00:00 GMT+0200 (Eastern European Standard Time),BZ=F,72.94
Fri Nov 29 2024 02:00:00 GMT+0200 (Eastern European Standard Time),CL=F,68
Thu Nov 28 2024 02:00:00 GMT+0200 (Eastern European Standard Time),BZ=F,71.5
Thu Nov 28 2024 02:00:00 GMT+0200 (Eastern European Standard Time),CL=F,68.88
Wed Nov 27 2024 02:00:00 GMT+0200 (Eastern European Standard Time),BZ=F,71.93
Wed Nov 27 2024 02:00:00 GMT+0200 (Eastern European Standard Time),CL=F,68.72
Tue Nov 26 2024 02:00:00 GMT+0200 (Eastern European Standard Time),BZ=F,72.32
Tue Nov 26 2024 02:00:00 GMT+0200 (Eastern European Standard Time),CL=F,68.77
Mon Nov 25 2024 02:00:00 GMT+0200 (Eastern European Standard Time),BZ=F,72.48
Mon Nov 25 2024 02:00:00 GMT+0200 (Eastern European Standard Time),CL=F,68.94
Sun Nov 24 2024 02:00:00 GMT+0200 (Eastern European Standard Time),BZ=F,75.3
Sun Nov 24 2024 02:00:00 GMT+0200 (Eastern European Standard Time),CL=F,71.27
Fri Nov 22 2024 02:00:00 GMT+0200 (Eastern European Standard Time),BZ=F,74.63
Fri Nov 22 2024 02:00:00 GMT+0200 (Eastern European Standard Time),CL=F,71.24
Thu Nov 21 2024 02:00:00 GMT+0200 (Eastern European Standard Time),BZ=F,73.77
Thu Nov 21 2024 02:00:00 GMT+0200 (Eastern European Standard Time),CL=F,70.1
Wed Nov 20 2024 02:00:00 GMT+0200 (Eastern European Standard Time),BZ=F,72.49
Wed Nov 20 2024 02:00:00 GMT+0200 (Eastern European Standard Time),CL=F,68.87
Tue Nov 19 2024 02:00:00 GMT+0200 (Eastern European Standard Time),BZ=F,72.99
Tue Nov 19 2024 02:00:00 GMT+0200 (Eastern European Standard Time),CL=F,69.39
Mon Nov 18 2024 02:00:00 GMT+0200 (Eastern European Standard Time),BZ=F,73.01
Mon Nov 18 2024 02:00:00 GMT+0200 (Eastern European Standard Time),CL=F,69.16
Sun Nov 17 2024 02:00:00 GMT+0200 (Eastern European Standard Time),BZ=F,70.87
Sun Nov 17 2024 02:00:00 GMT+0200 (Eastern European Standard Time),CL=F,66.63
Fri Nov 15 2024 02:00:00 GMT+0200 (Eastern European Standard Time),BZ=F,70.78
Fri Nov 15 2024 02:00:00 GMT+0200 (Eastern European Standard Time),CL=F,67.02
Thu Nov 14 2024 02:00:00 GMT+0200 (Eastern European Standard Time),BZ=F,72.24
Thu Nov 14 2024 02:00:00 GMT+0200 (Eastern European Standard Time),CL=F,68.7
Wed Nov 13 2024 02:00:00 GMT+0200 (Eastern European Standard Time),BZ=F,71.98
Wed Nov 13 2024 02:00:00 GMT+0200 (Eastern European Standard Time),CL=F,68.43
Tue Nov 12 2024 02:00:00 GMT+0200 (Eastern European Standard Time),BZ=F,71.65
Tue Nov 12 2024 02:00:00 GMT+0200 (Eastern European Standard Time),CL=F,68.12
Mon Nov 11 2024 02:00:00 GMT+0200 (Eastern European Standard Time),BZ=F,71.65
Mon Nov 11 2024 02:00:00 GMT+0200 (Eastern European Standard Time),CL=F,68.04
Sun Nov 10 2024 02:00:00 GMT+0200 (Eastern European Standard Time),BZ=F,73.89
Sun Nov 10 2024 02:00:00 GMT+0200 (Eastern European Standard Time),CL=F,70.29
Fri Nov 08 2024 02:00:00 GMT+0200 (Eastern European Standard Time),BZ=F,73.61
Fri Nov 08 2024 02:00:00 GMT+0200 (Eastern European Standard Time),CL=F,70.38
Thu Nov 07 2024 02:00:00 GMT+0200 (Eastern European Standard Time),BZ=F,75.26
Thu Nov 07 2024 02:00:00 GMT+0200 (Eastern European Standard Time),CL=F,72.36
Wed Nov 06 2024 02:00:00 GMT+0200 (Eastern European Standard Time),BZ=F,74.57
Wed Nov 06 2024 02:00:00 GMT+0200 (Eastern European Standard Time),CL=F,71.69
Tue Nov 05 2024 02:00:00 GMT+0200 (Eastern European Standard Time),BZ=F,75.14
Tue Nov 05 2024 02:00:00 GMT+0200 (Eastern European Standard Time),CL=F,71.99
Mon Nov 04 2024 02:00:00 GMT+0200 (Eastern European Standard Time),BZ=F,74.66
Mon Nov 04 2024 02:00:00 GMT+0200 (Eastern European Standard Time),CL=F,71.47
Sun Nov 03 2024 02:00:00 GMT+0200 (Eastern European Standard Time),BZ=F,74.1
Sun Nov 03 2024 02:00:00 GMT+0200 (Eastern European Standard Time),CL=F,70.37
Fri Nov 01 2024 02:00:00 GMT+0200 (Eastern European Standard Time),BZ=F,72.73
Fri Nov 01 2024 02:00:00 GMT+0200 (Eastern European Standard Time),CL=F,69.49
Thu Oct 31 2024 02:00:00 GMT+0200 (Eastern European Standard Time),BZ=F,72.45
Thu Oct 31 2024 02:00:00 GMT+0200 (Eastern European Standard Time),CL=F,69.26
Wed Oct 30 2024 02:00:00 GMT+0200 (Eastern European Standard Time),BZ=F,71.79
Wed Oct 30 2024 02:00:00 GMT+0200 (Eastern European Standard Time),CL=F,68.61
Tue Oct 29 2024 02:00:00 GMT+0200 (Eastern European Standard Time),BZ=F,70.73
Tue Oct 29 2024 02:00:00 GMT+0200 (Eastern European Standard Time),CL=F,67.21
Mon Oct 28 2024 02:00:00 GMT+0200 (Eastern European Standard Time),BZ=F,71
Mon Oct 28 2024 02:00:00 GMT+0200 (Eastern European Standard Time),CL=F,67.38
Sun Oct 27 2024 02:00:00 GMT+0300 (Eastern European Summer Time),BZ=F,72.08
Sun Oct 27 2024 02:00:00 GMT+0300 (Eastern European Summer Time),CL=F,67.96
Fri Oct 25 2024 02:00:00 GMT+0300 (Eastern European Summer Time),BZ=F,75.63
Fri Oct 25 2024 02:00:00 GMT+0300 (Eastern European Summer Time),CL=F,71.78
Thu Oct 24 2024 02:00:00 GMT+0300 (Eastern European Summer Time),BZ=F,74.03
Thu Oct 24 2024 02:00:00 GMT+0300 (Eastern European Summer Time),CL=F,70.19
Wed Oct 23 2024 02:00:00 GMT+0300 (Eastern European Summer Time),BZ=F,74.56
Wed Oct 23 2024 02:00:00 GMT+0300 (Eastern European Summer Time),CL=F,70.77
Tue Oct 22 2024 02:00:00 GMT+0300 (Eastern European Summer Time),BZ=F,75.62
Tue Oct 22 2024 02:00:00 GMT+0300 (Eastern European Summer Time),CL=F,72.09
Mon Oct 21 2024 02:00:00 GMT+0300 (Eastern European Summer Time),BZ=F,73.92
Mon Oct 21 2024 02:00:00 GMT+0300 (Eastern European Summer Time),CL=F,70.56
Sun Oct 20 2024 02:00:00 GMT+0300 (Eastern European Summer Time),BZ=F,73.21
Sun Oct 20 2024 02:00:00 GMT+0300 (Eastern European Summer Time),CL=F,69.48
Fri Oct 18 2024 02:00:00 GMT+0300 (Eastern European Summer Time),BZ=F,72.68
Fri Oct 18 2024 02:00:00 GMT+0300 (Eastern European Summer Time),CL=F,69.22
Thu Oct 17 2024 02:00:00 GMT+0300 (Eastern European Summer Time),BZ=F,73.98
Thu Oct 17 2024 02:00:00 GMT+0300 (Eastern European Summer Time),CL=F,70.67
Wed Oct 16 2024 02:00:00 GMT+0300 (Eastern European Summer Time),BZ=F,73.79
Wed Oct 16 2024 02:00:00 GMT+0300 (Eastern European Summer Time),CL=F,70.39
Tue Oct 15 2024 02:00:00 GMT+0300 (Eastern European Summer Time),BZ=F,73.88
Tue Oct 15 2024 02:00:00 GMT+0300 (Eastern European Summer Time),CL=F,70.58
Mon Oct 14 2024 02:00:00 GMT+0300 (Eastern European Summer Time),BZ=F,77.09
Mon Oct 14 2024 02:00:00 GMT+0300 (Eastern European Summer Time),CL=F,73.83
Fri Oct 11 2024 02:00:00 GMT+0300 (Eastern European Summer Time),BZ=F,78.6
Fri Oct 11 2024 02:00:00 GMT+0300 (Eastern European Summer Time),CL=F,75.56
Thu Oct 10 2024 02:00:00 GMT+0300 (Eastern European Summer Time),BZ=F,78.86
Thu Oct 10 2024 02:00:00 GMT+0300 (Eastern European Summer Time),CL=F,75.85
Wed Oct 09 2024 02:00:00 GMT+0300 (Eastern European Summer Time),BZ=F,76.13
Wed Oct 09 2024 02:00:00 GMT+0300 (Eastern European Summer Time),CL=F,73.24
Tue Oct 08 2024 02:00:00 GMT+0300 (Eastern European Summer Time),BZ=F,76.79
Tue Oct 08 2024 02:00:00 GMT+0300 (Eastern European Summer Time),CL=F,73.57
Mon Oct 07 2024 02:00:00 GMT+0300 (Eastern European Summer Time),BZ=F,80.35
Mon Oct 07 2024 02:00:00 GMT+0300 (Eastern European Summer Time),CL=F,77.14
Sun Oct 06 2024 02:00:00 GMT+0300 (Eastern European Summer Time),BZ=F,77.63
Sun Oct 06 2024 02:00:00 GMT+0300 (Eastern European Summer Time),CL=F,73.96
Fri Oct 04 2024 02:00:00 GMT+0300 (Eastern European Summer Time),BZ=F,77.43
Fri Oct 04 2024 02:00:00 GMT+0300 (Eastern European Summer Time),CL=F,74.38
Thu Oct 03 2024 02:00:00 GMT+0300 (Eastern European Summer Time),BZ=F,77.11
Thu Oct 03 2024 02:00:00 GMT+0300 (Eastern European Summer Time),CL=F,73.71
Wed Oct 02 2024 02:00:00 GMT+0300 (Eastern European Summer Time),BZ=F,73.54
Wed Oct 02 2024 02:00:00 GMT+0300 (Eastern European Summer Time),CL=F,70.1
Tue Oct 01 2024 02:00:00 GMT+0300 (Eastern European Summer Time),BZ=F,73.21
Tue Oct 01 2024 02:00:00 GMT+0300 (Eastern European Summer Time),CL=F,69.83
Mon Sep 30 2024 02:00:00 GMT+0300 (Eastern European Summer Time),BZ=F,71.46
Mon Sep 30 2024 02:00:00 GMT+0300 (Eastern European Summer Time),CL=F,68.17
Sun Sep 29 2024 02:00:00 GMT+0300 (Eastern European Summer Time),BZ=F,71.53
Sun Sep 29 2024 02:00:00 GMT+0300 (Eastern European Summer Time),CL=F,68.3
Fri Sep 27 2024 02:00:00 GMT+0300 (Eastern European Summer Time),BZ=F,71.21
Fri Sep 27 2024 02:00:00 GMT+0300 (Eastern European Summer Time),CL=F,68.18
Thu Sep 26 2024 02:00:00 GMT+0300 (Eastern European Summer Time),BZ=F,71.09
Thu Sep 26 2024 02:00:00 GMT+0300 (Eastern European Summer Time),CL=F,67.67
Wed Sep 25 2024 02:00:00 GMT+0300 (Eastern European Summer Time),BZ=F,72.9
Wed Sep 25 2024 02:00:00 GMT+0300 (Eastern European Summer Time),CL=F,69.69
Tue Sep 24 2024 02:00:00 GMT+0300 (Eastern European Summer Time),BZ=F,74.47
Tue Sep 24 2024 02:00:00 GMT+0300 (Eastern European Summer Time),CL=F,71.56
Mon Sep 23 2024 02:00:00 GMT+0300 (Eastern European Summer Time),BZ=F,73.21
Mon Sep 23 2024 02:00:00 GMT+0300 (Eastern European Summer Time),CL=F,70.37
Sun Sep 22 2024 02:00:00 GMT+0300 (Eastern European Summer Time),BZ=F,73.68
Sun Sep 22 2024 02:00:00 GMT+0300 (Eastern European Summer Time),CL=F,71.15
Fri Sep 20 2024 02:00:00 GMT+0300 (Eastern European Summer Time),BZ=F,73.69
Fri Sep 20 2024 02:00:00 GMT+0300 (Eastern European Summer Time),CL=F,71.92
Thu Sep 19 2024 02:00:00 GMT+0300 (Eastern European Summer Time),BZ=F,74.01
Thu Sep 19 2024 02:00:00 GMT+0300 (Eastern European Summer Time),CL=F,71.95
Wed Sep 18 2024 02:00:00 GMT+0300 (Eastern European Summer Time),BZ=F,72.88
Wed Sep 18 2024 02:00:00 GMT+0300 (Eastern European Summer Time),CL=F,70.91
Tue Sep 17 2024 02:00:00 GMT+0300 (Eastern European Summer Time),BZ=F,73.01
Tue Sep 17 2024 02:00:00 GMT+0300 (Eastern European Summer Time),CL=F,71.19
Mon Sep 16 2024 02:00:00 GMT+0300 (Eastern European Summer Time),BZ=F,72.15
Mon Sep 16 2024 02:00:00 GMT+0300 (Eastern European Summer Time),CL=F,70.09
Sun Sep 15 2024 02:00:00 GMT+0300 (Eastern European Summer Time),BZ=F,71.83
Sun Sep 15 2024 02:00:00 GMT+0300 (Eastern European Summer Time),CL=F,69.2
Fri Sep 13 2024 02:00:00 GMT+0300 (Eastern European Summer Time),BZ=F,71.05
Fri Sep 13 2024 02:00:00 GMT+0300 (Eastern European Summer Time),CL=F,68.65
Thu Sep 12 2024 02:00:00 GMT+0300 (Eastern European Summer Time),BZ=F,71.43
Thu Sep 12 2024 02:00:00 GMT+0300 (Eastern European Summer Time),CL=F,68.97
Wed Sep 11 2024 02:00:00 GMT+0300 (Eastern European Summer Time),BZ=F,70.17
Wed Sep 11 2024 02:00:00 GMT+0300 (Eastern European Summer Time),CL=F,67.31
Tue Sep 10 2024 02:00:00 GMT+0300 (Eastern European Summer Time),BZ=F,68.83
Tue Sep 10 2024 02:00:00 GMT+0300 (Eastern European Summer Time),CL=F,65.75
Mon Sep 09 2024 02:00:00 GMT+0300 (Eastern European Summer Time),BZ=F,71.36
Mon Sep 09 2024 02:00:00 GMT+0300 (Eastern European Summer Time),CL=F,68.71
Sun Sep 08 2024 02:00:00 GMT+0300 (Eastern European Summer Time),BZ=F,71.93
Sun Sep 08 2024 02:00:00 GMT+0300 (Eastern European Summer Time),CL=F,68.54
Fri Sep 06 2024 02:00:00 GMT+0300 (Eastern European Summer Time),BZ=F,70.71
Fri Sep 06 2024 02:00:00 GMT+0300 (Eastern European Summer Time),CL=F,67.67
Thu Sep 05 2024 02:00:00 GMT+0300 (Eastern European Summer Time),BZ=F,72.33
Thu Sep 05 2024 02:00:00 GMT+0300 (Eastern European Summer Time),CL=F,69.15
Wed Sep 04 2024 02:00:00 GMT+0300 (Eastern European Summer Time),BZ=F,72.28
Wed Sep 04 2024 02:00:00 GMT+0300 (Eastern European Summer Time),CL=F,69.2
Tue Sep 03 2024 02:00:00 GMT+0300 (Eastern European Summer Time),BZ=F,73.75
Tue Sep 03 2024 02:00:00 GMT+0300 (Eastern European Summer Time),CL=F,70.34
Mon Sep 02 2024 02:00:00 GMT+0300 (Eastern European Summer Time),BZ=F,73.3
Mon Sep 02 2024 02:00:00 GMT+0300 (Eastern European Summer Time),CL=F,74.04
Sun Sep 01 2024 02:00:00 GMT+0300 (Eastern European Summer Time),BZ=F,76.6
Sun Sep 01 2024 02:00:00 GMT+0300 (Eastern European Summer Time),CL=F,73.39
Fri Aug 30 2024 02:00:00 GMT+0300 (Eastern European Summer Time),BZ=F,76.24
Fri Aug 30 2024 02:00:00 GMT+0300 (Eastern European Summer Time),CL=F,73.55
Thu Aug 29 2024 02:00:00 GMT+0300 (Eastern European Summer Time),BZ=F,77.98
Thu Aug 29 2024 02:00:00 GMT+0300 (Eastern European Summer Time),CL=F,75.91
Wed Aug 28 2024 02:00:00 GMT+0300 (Eastern European Summer Time),BZ=F,77.58
Wed Aug 28 2024 02:00:00 GMT+0300 (Eastern European Summer Time),CL=F,74.52
Tue Aug 27 2024 02:00:00 GMT+0300 (Eastern European Summer Time),BZ=F,78.66
Tue Aug 27 2024 02:00:00 GMT+0300 (Eastern European Summer Time),CL=F,75.53
Mon Aug 26 2024 02:00:00 GMT+0300 (Eastern European Summer Time),BZ=F,80.36
Mon Aug 26 2024 02:00:00 GMT+0300 (Eastern European Summer Time),CL=F,77.42
Sun Aug 25 2024 02:00:00 GMT+0300 (Eastern European Summer Time),BZ=F,78.49
Sun Aug 25 2024 02:00:00 GMT+0300 (Eastern European Summer Time),CL=F,75.22
Fri Aug 23 2024 02:00:00 GMT+0300 (Eastern European Summer Time),BZ=F,78.15
Fri Aug 23 2024 02:00:00 GMT+0300 (Eastern European Summer Time),CL=F,74.83
Thu Aug 22 2024 02:00:00 GMT+0300 (Eastern European Summer Time),BZ=F,76.55
Thu Aug 22 2024 02:00:00 GMT+0300 (Eastern European Summer Time),CL=F,73.01
Wed Aug 21 2024 02:00:00 GMT+0300 (Eastern European Summer Time),BZ=F,75.5
Wed Aug 21 2024 02:00:00 GMT+0300 (Eastern European Summer Time),CL=F,71.93
Tue Aug 20 2024 02:00:00 GMT+0300 (Eastern European Summer Time),BZ=F,76.58
Tue Aug 20 2024 02:00:00 GMT+0300 (Eastern European Summer Time),CL=F,74.04
Mon Aug 19 2024 02:00:00 GMT+0300 (Eastern European Summer Time),BZ=F,77.1
Mon Aug 19 2024 02:00:00 GMT+0300 (Eastern European Summer Time),CL=F,74.37
Sun Aug 18 2024 02:00:00 GMT+0300 (Eastern European Summer Time),BZ=F,79.46
Sun Aug 18 2024 02:00:00 GMT+0300 (Eastern European Summer Time),CL=F,76.71
Fri Aug 16 2024 02:00:00 GMT+0300 (Eastern European Summer Time),BZ=F,78.87
Fri Aug 16 2024 02:00:00 GMT+0300 (Eastern European Summer Time),CL=F,76.65
Thu Aug 15 2024 02:00:00 GMT+0300 (Eastern European Summer Time),BZ=F,80.17
Thu Aug 15 2024 02:00:00 GMT+0300 (Eastern European Summer Time),CL=F,78.16
Wed Aug 14 2024 02:00:00 GMT+0300 (Eastern European Summer Time),BZ=F,79.03
Wed Aug 14 2024 02:00:00 GMT+0300 (Eastern European Summer Time),CL=F,76.98
Tue Aug 13 2024 02:00:00 GMT+0300 (Eastern European Summer Time),BZ=F,79.93
Tue Aug 13 2024 02:00:00 GMT+0300 (Eastern European Summer Time),CL=F,78.35
Mon Aug 12 2024 02:00:00 GMT+0300 (Eastern European Summer Time),BZ=F,81.38
Mon Aug 12 2024 02:00:00 GMT+0300 (Eastern European Summer Time),CL=F,80.06
Sun Aug 11 2024 02:00:00 GMT+0300 (Eastern European Summer Time),BZ=F,79.75
Sun Aug 11 2024 02:00:00 GMT+0300 (Eastern European Summer Time),CL=F,76.97
Fri Aug 09 2024 02:00:00 GMT+0300 (Eastern European Summer Time),BZ=F,78.92
Fri Aug 09 2024 02:00:00 GMT+0300 (Eastern European Summer Time),CL=F,76.84
Thu Aug 08 2024 02:00:00 GMT+0300 (Eastern European Summer Time),BZ=F,78.48
Thu Aug 08 2024 02:00:00 GMT+0300 (Eastern European Summer Time),CL=F,76.19
Wed Aug 07 2024 02:00:00 GMT+0300 (Eastern European Summer Time),BZ=F,77.67
Wed Aug 07 2024 02:00:00 GMT+0300 (Eastern European Summer Time),CL=F,75.23
Tue Aug 06 2024 02:00:00 GMT+0300 (Eastern European Summer Time),BZ=F,76.03
Tue Aug 06 2024 02:00:00 GMT+0300 (Eastern European Summer Time),CL=F,73.2
Mon Aug 05 2024 02:00:00 GMT+0300 (Eastern European Summer Time),BZ=F,75.96
Mon Aug 05 2024 02:00:00 GMT+0300 (Eastern European Summer Time),CL=F,72.94
Sun Aug 04 2024 02:00:00 GMT+0300 (Eastern European Summer Time),BZ=F,77.64
Sun Aug 04 2024 02:00:00 GMT+0300 (Eastern European Summer Time),CL=F,74.39
Fri Aug 02 2024 02:00:00 GMT+0300 (Eastern European Summer Time),BZ=F,76.27
Fri Aug 02 2024 02:00:00 GMT+0300 (Eastern European Summer Time),CL=F,73.52
Thu Aug 01 2024 02:00:00 GMT+0300 (Eastern European Summer Time),BZ=F,78.95
Thu Aug 01 2024 02:00:00 GMT+0300 (Eastern European Summer Time),CL=F,76.31
Wed Jul 31 2024 02:00:00 GMT+0300 (Eastern European Summer Time),BZ=F,80.23
Wed Jul 31 2024 02:00:00 GMT+0300 (Eastern European Summer Time),CL=F,77.91
Tue Jul 30 2024 02:00:00 GMT+0300 (Eastern European Summer Time),BZ=F,77.56
Tue Jul 30 2024 02:00:00 GMT+0300 (Eastern European Summer Time),CL=F,74.73
Mon Jul 29 2024 02:00:00 GMT+0300 (Eastern European Summer Time),BZ=F,79.78
Mon Jul 29 2024 02:00:00 GMT+0300 (Eastern European Summer Time),CL=F,75.81
Sun Jul 28 2024 02:00:00 GMT+0300 (Eastern European Summer Time),BZ=F,80.58
Sun Jul 28 2024 02:00:00 GMT+0300 (Eastern European Summer Time),CL=F,77.34
Fri Jul 26 2024 02:00:00 GMT+0300 (Eastern European Summer Time),BZ=F,81.13
Fri Jul 26 2024 02:00:00 GMT+0300 (Eastern European Summer Time),CL=F,77.16
Thu Jul 25 2024 02:00:00 GMT+0300 (Eastern European Summer Time),BZ=F,82.37
Thu Jul 25 2024 02:00:00 GMT+0300 (Eastern European Summer Time),CL=F,78.28
Wed Jul 24 2024 02:00:00 GMT+0300 (Eastern European Summer Time),BZ=F,81.71
Wed Jul 24 2024 02:00:00 GMT+0300 (Eastern European Summer Time),CL=F,77.59
Tue Jul 23 2024 02:00:00 GMT+0300 (Eastern European Summer Time),BZ=F,81.01
Tue Jul 23 2024 02:00:00 GMT+0300 (Eastern European Summer Time),CL=F,76.96
Mon Jul 22 2024 02:00:00 GMT+0300 (Eastern European Summer Time),BZ=F,82.4
Mon Jul 22 2024 02:00:00 GMT+0300 (Eastern European Summer Time),CL=F,79.78
Sun Jul 21 2024 02:00:00 GMT+0300 (Eastern European Summer Time),BZ=F,82.97
Sun Jul 21 2024 02:00:00 GMT+0300 (Eastern European Summer Time),CL=F,80.55
Fri Jul 19 2024 02:00:00 GMT+0300 (Eastern European Summer Time),BZ=F,82.63
Fri Jul 19 2024 02:00:00 GMT+0300 (Eastern European Summer Time),CL=F,80.13
Thu Jul 18 2024 02:00:00 GMT+0300 (Eastern European Summer Time),BZ=F,85.11
Thu Jul 18 2024 02:00:00 GMT+0300 (Eastern European Summer Time),CL=F,82.82
Wed Jul 17 2024 02:00:00 GMT+0300 (Eastern European Summer Time),BZ=F,85.08
Wed Jul 17 2024 02:00:00 GMT+0300 (Eastern European Summer Time),CL=F,82.85
Tue Jul 16 2024 02:00:00 GMT+0300 (Eastern European Summer Time),BZ=F,83.73
Tue Jul 16 2024 02:00:00 GMT+0300 (Eastern European Summer Time),CL=F,80.76
Mon Jul 15 2024 02:00:00 GMT+0300 (Eastern European Summer Time),BZ=F,84.85
Mon Jul 15 2024 02:00:00 GMT+0300 (Eastern European Summer Time),CL=F,81.91
Sun Jul 14 2024 02:00:00 GMT+0300 (Eastern European Summer Time),BZ=F,85.2
Sun Jul 14 2024 02:00:00 GMT+0300 (Eastern European Summer Time),CL=F,82.47
Fri Jul 12 2024 02:00:00 GMT+0300 (Eastern European Summer Time),BZ=F,85.03
Fri Jul 12 2024 02:00:00 GMT+0300 (Eastern European Summer Time),CL=F,82.21
Thu Jul 11 2024 02:00:00 GMT+0300 (Eastern European Summer Time),BZ=F,85.4
Thu Jul 11 2024 02:00:00 GMT+0300 (Eastern European Summer Time),CL=F,82.62
Wed Jul 10 2024 02:00:00 GMT+0300 (Eastern European Summer Time),BZ=F,85.08
Wed Jul 10 2024 02:00:00 GMT+0300 (Eastern European Summer Time),CL=F,82.1
Tue Jul 09 2024 02:00:00 GMT+0300 (Eastern European Summer Time),BZ=F,84.66
Tue Jul 09 2024 02:00:00 GMT+0300 (Eastern European Summer Time),CL=F,81.41
Mon Jul 08 2024 02:00:00 GMT+0300 (Eastern European Summer Time),BZ=F,85.75
Mon Jul 08 2024 02:00:00 GMT+0300 (Eastern European Summer Time),CL=F,82.33
Sun Jul 07 2024 02:00:00 GMT+0300 (Eastern European Summer Time),BZ=F,86.64
Sun Jul 07 2024 02:00:00 GMT+0300 (Eastern European Summer Time),CL=F,82.98
Fri Jul 05 2024 02:00:00 GMT+0300 (Eastern European Summer Time),BZ=F,86.54
Fri Jul 05 2024 02:00:00 GMT+0300 (Eastern European Summer Time),CL=F,83.16
Thu Jul 04 2024 02:00:00 GMT+0300 (Eastern European Summer Time),BZ=F,86.54
Thu Jul 04 2024 02:00:00 GMT+0300 (Eastern European Summer Time),CL=F,84.06
Wed Jul 03 2024 02:00:00 GMT+0300 (Eastern European Summer Time),BZ=F,87.34
Wed Jul 03 2024 02:00:00 GMT+0300 (Eastern European Summer Time),CL=F,83.88
Tue Jul 02 2024 02:00:00 GMT+0300 (Eastern European Summer Time),BZ=F,86.24
Tue Jul 02 2024 02:00:00 GMT+0300 (Eastern European Summer Time),CL=F,82.81
Mon Jul 01 2024 02:00:00 GMT+0300 (Eastern European Summer Time),BZ=F,86.6
Mon Jul 01 2024 02:00:00 GMT+0300 (Eastern European Summer Time),CL=F,83.38
Fri Jun 28 2024 02:00:00 GMT+0300 (Eastern European Summer Time),BZ=F,85
Fri Jun 28 2024 02:00:00 GMT+0300 (Eastern European Summer Time),CL=F,81.54
Thu Jun 27 2024 02:00:00 GMT+0300 (Eastern European Summer Time),BZ=F,85.26
Thu Jun 27 2024 02:00:00 GMT+0300 (Eastern European Summer Time),CL=F,81.74
Wed Jun 26 2024 02:00:00 GMT+0300 (Eastern European Summer Time),BZ=F,85.25
Wed Jun 26 2024 02:00:00 GMT+0300 (Eastern European Summer Time),CL=F,80.9
Tue Jun 25 2024 02:00:00 GMT+0300 (Eastern European Summer Time),BZ=F,85.01
Tue Jun 25 2024 02:00:00 GMT+0300 (Eastern European Summer Time),CL=F,80.83
Mon Jun 24 2024 02:00:00 GMT+0300 (Eastern European Summer Time),BZ=F,86.01
Mon Jun 24 2024 02:00:00 GMT+0300 (Eastern European Summer Time),CL=F,81.63
Sun Jun 23 2024 02:00:00 GMT+0300 (Eastern European Summer Time),BZ=F,85.18
Sun Jun 23 2024 02:00:00 GMT+0300 (Eastern European Summer Time),CL=F,80.67
Fri Jun 21 2024 02:00:00 GMT+0300 (Eastern European Summer Time),BZ=F,85.24
Fri Jun 21 2024 02:00:00 GMT+0300 (Eastern European Summer Time),CL=F,80.73
Thu Jun 20 2024 02:00:00 GMT+0300 (Eastern European Summer Time),BZ=F,85.71
Thu Jun 20 2024 02:00:00 GMT+0300 (Eastern European Summer Time),CL=F,82.17
Wed Jun 19 2024 02:00:00 GMT+0300 (Eastern European Summer Time),BZ=F,85.71
Wed Jun 19 2024 02:00:00 GMT+0300 (Eastern European Summer Time),CL=F,81.47
Tue Jun 18 2024 02:00:00 GMT+0300 (Eastern European Summer Time),BZ=F,85.33
Tue Jun 18 2024 02:00:00 GMT+0300 (Eastern European Summer Time),CL=F,81.57
Mon Jun 17 2024 02:00:00 GMT+0300 (Eastern European Summer Time),BZ=F,84.25
Mon Jun 17 2024 02:00:00 GMT+0300 (Eastern European Summer Time),CL=F,80.33
Sun Jun 16 2024 02:00:00 GMT+0300 (Eastern European Summer Time),BZ=F,82.53
Sun Jun 16 2024 02:00:00 GMT+0300 (Eastern European Summer Time),CL=F,78.41
Fri Jun 14 2024 02:00:00 GMT+0300 (Eastern European Summer Time),BZ=F,82.62
Fri Jun 14 2024 02:00:00 GMT+0300 (Eastern European Summer Time),CL=F,78.45
Thu Jun 13 2024 02:00:00 GMT+0300 (Eastern European Summer Time),BZ=F,82.75
Thu Jun 13 2024 02:00:00 GMT+0300 (Eastern European Summer Time),CL=F,78.62
Wed Jun 12 2024 02:00:00 GMT+0300 (Eastern European Summer Time),BZ=F,82.6
Wed Jun 12 2024 02:00:00 GMT+0300 (Eastern European Summer Time),CL=F,78.5
Tue Jun 11 2024 02:00:00 GMT+0300 (Eastern European Summer Time),BZ=F,81.92
Tue Jun 11 2024 02:00:00 GMT+0300 (Eastern European Summer Time),CL=F,77.9
Mon Jun 10 2024 02:00:00 GMT+0300 (Eastern European Summer Time),BZ=F,81.63
Mon Jun 10 2024 02:00:00 GMT+0300 (Eastern European Summer Time),CL=F,77.74
Fri Jun 07 2024 02:00:00 GMT+0300 (Eastern European Summer Time),BZ=F,79.62
Fri Jun 07 2024 02:00:00 GMT+0300 (Eastern European Summer Time),CL=F,75.53
Thu Jun 06 2024 02:00:00 GMT+0300 (Eastern European Summer Time),BZ=F,79.87
Thu Jun 06 2024 02:00:00 GMT+0300 (Eastern European Summer Time),CL=F,75.55
Wed Jun 05 2024 02:00:00 GMT+0300 (Eastern European Summer Time),BZ=F,78.41
Wed Jun 05 2024 02:00:00 GMT+0300 (Eastern European Summer Time),CL=F,74.07
Tue Jun 04 2024 02:00:00 GMT+0300 (Eastern European Summer Time),BZ=F,77.52
Tue Jun 04 2024 02:00:00 GMT+0300 (Eastern European Summer Time),CL=F,73.25
Mon Jun 03 2024 02:00:00 GMT+0300 (Eastern European Summer Time),BZ=F,78.36
Mon Jun 03 2024 02:00:00 GMT+0300 (Eastern European Summer Time),CL=F,74.22
Fri May 31 2024 02:00:00 GMT+0300 (Eastern European Summer Time),BZ=F,81.11
Fri May 31 2024 02:00:00 GMT+0300 (Eastern European Summer Time),CL=F,76.99
Thu May 30 2024 02:00:00 GMT+0300 (Eastern European Summer Time),BZ=F,81.88
Thu May 30 2024 02:00:00 GMT+0300 (Eastern European Summer Time),CL=F,77.91
Wed May 29 2024 02:00:00 GMT+0300 (Eastern European Summer Time),BZ=F,83.6
Wed May 29 2024 02:00:00 GMT+0300 (Eastern European Summer Time),CL=F,79.23
Tue May 28 2024 02:00:00 GMT+0300 (Eastern European Summer Time),BZ=F,84.22
Tue May 28 2024 02:00:00 GMT+0300 (Eastern European Summer Time),CL=F,79.83
Mon May 27 2024 02:00:00 GMT+0300 (Eastern European Summer Time),BZ=F,84.22
Mon May 27 2024 02:00:00 GMT+0300 (Eastern European Summer Time),CL=F,
Fri May 24 2024 02:00:00 GMT+0300 (Eastern European Summer Time),BZ=F,82.12
Fri May 24 2024 02:00:00 GMT+0300 (Eastern European Summer Time),CL=F,77.72
Thu May 23 2024 02:00:00 GMT+0300 (Eastern European Summer Time),BZ=F,81.36
Thu May 23 2024 02:00:00 GMT+0300 (Eastern European Summer Time),CL=F,76.87
Wed May 22 2024 02:00:00 GMT+0300 (Eastern European Summer Time),BZ=F,81.9
Wed May 22 2024 02:00:00 GMT+0300 (Eastern European Summer Time),CL=F,77.57
Tue May 21 2024 02:00:00 GMT+0300 (Eastern European Summer Time),BZ=F,82.88
Tue May 21 2024 02:00:00 GMT+0300 (Eastern European Summer Time),CL=F,79.26
Mon May 20 2024 02:00:00 GMT+0300 (Eastern European Summer Time),BZ=F,83.71
Mon May 20 2024 02:00:00 GMT+0300 (Eastern European Summer Time),CL=F,79.8
Fri May 17 2024 02:00:00 GMT+0300 (Eastern European Summer Time),BZ=F,83.98
Fri May 17 2024 02:00:00 GMT+0300 (Eastern European Summer Time),CL=F,80.06
Thu May 16 2024 02:00:00 GMT+0300 (Eastern European Summer Time),BZ=F,83.27
Thu May 16 2024 02:00:00 GMT+0300 (Eastern European Summer Time),CL=F,79.23
Wed May 15 2024 02:00:00 GMT+0300 (Eastern European Summer Time),BZ=F,82.75
Wed May 15 2024 02:00:00 GMT+0300 (Eastern European Summer Time),CL=F,78.63
Tue May 14 2024 02:00:00 GMT+0300 (Eastern European Summer Time),BZ=F,82.38
Tue May 14 2024 02:00:00 GMT+0300 (Eastern European Summer Time),CL=F,78.02
Mon May 13 2024 02:00:00 GMT+0300 (Eastern European Summer Time),BZ=F,83.36
Mon May 13 2024 02:00:00 GMT+0300 (Eastern European Summer Time),CL=F,79.12
Fri May 10 2024 02:00:00 GMT+0300 (Eastern European Summer Time),BZ=F,82.79
Fri May 10 2024 02:00:00 GMT+0300 (Eastern European Summer Time),CL=F,78.26
Thu May 09 2024 02:00:00 GMT+0300 (Eastern European Summer Time),BZ=F,83.88
Thu May 09 2024 02:00:00 GMT+0300 (Eastern European Summer Time),CL=F,79.26
Wed May 08 2024 02:00:00 GMT+0300 (Eastern European Summer Time),BZ=F,83.58
Wed May 08 2024 02:00:00 GMT+0300 (Eastern European Summer Time),CL=F,78.99
Tue May 07 2024 02:00:00 GMT+0300 (Eastern European Summer Time),BZ=F,83.16
Tue May 07 2024 02:00:00 GMT+0300 (Eastern European Summer Time),CL=F,78.38
Mon May 06 2024 02:00:00 GMT+0300 (Eastern European Summer Time),BZ=F,83.33
Mon May 06 2024 02:00:00 GMT+0300 (Eastern European Summer Time),CL=F,78.48
Fri May 03 2024 02:00:00 GMT+0300 (Eastern European Summer Time),BZ=F,82.96
Fri May 03 2024 02:00:00 GMT+0300 (Eastern European Summer Time),CL=F,78.11
Thu May 02 2024 02:00:00 GMT+0300 (Eastern European Summer Time),BZ=F,83.67
Thu May 02 2024 02:00:00 GMT+0300 (Eastern European Summer Time),CL=F,78.95
Wed May 01 2024 02:00:00 GMT+0300 (Eastern European Summer Time),BZ=F,83.44
Wed May 01 2024 02:00:00 GMT+0300 (Eastern European Summer Time),CL=F,79
Tue Apr 30 2024 02:00:00 GMT+0300 (Eastern European Summer Time),BZ=F,86.33
Tue Apr 30 2024 02:00:00 GMT+0300 (Eastern European Summer Time),CL=F,81.93
Mon Apr 29 2024 02:00:00 GMT+0300 (Eastern European Summer Time),BZ=F,87.2
Mon Apr 29 2024 02:00:00 GMT+0300 (Eastern European Summer Time),CL=F,82.63
Fri Apr 26 2024 02:00:00 GMT+0300 (Eastern European Summer Time),BZ=F,89.5
Fri Apr 26 2024 02:00:00 GMT+0300 (Eastern European Summer Time),CL=F,83.85
Thu Apr 25 2024 02:00:00 GMT+0300 (Eastern European Summer Time),BZ=F,89.01
Thu Apr 25 2024 02:00:00 GMT+0300 (Eastern European Summer Time),CL=F,83.57
Wed Apr 24 2024 02:00:00 GMT+0300 (Eastern European Summer Time),BZ=F,88.02
Wed Apr 24 2024 02:00:00 GMT+0300 (Eastern European Summer Time),CL=F,82.81
Tue Apr 23 2024 02:00:00 GMT+0300 (Eastern European Summer Time),BZ=F,88.42
Tue Apr 23 2024 02:00:00 GMT+0300 (Eastern European Summer Time),CL=F,83.36
Mon Apr 22 2024 02:00:00 GMT+0300 (Eastern European Summer Time),BZ=F,87
Mon Apr 22 2024 02:00:00 GMT+0300 (Eastern European Summer Time),CL=F,82.85
Fri Apr 19 2024 02:00:00 GMT+0300 (Eastern European Summer Time),BZ=F,87.29
Fri Apr 19 2024 02:00:00 GMT+0300 (Eastern European Summer Time),CL=F,83.14
Thu Apr 18 2024 02:00:00 GMT+0300 (Eastern European Summer Time),BZ=F,87.11
Thu Apr 18 2024 02:00:00 GMT+0300 (Eastern European Summer Time),CL=F,82.73
Wed Apr 17 2024 02:00:00 GMT+0300 (Eastern European Summer Time),BZ=F,87.29
Wed Apr 17 2024 02:00:00 GMT+0300 (Eastern European Summer Time),CL=F,82.69
Tue Apr 16 2024 02:00:00 GMT+0300 (Eastern European Summer Time),BZ=F,90.02
Tue Apr 16 2024 02:00:00 GMT+0300 (Eastern European Summer Time),CL=F,85.36
Mon Apr 15 2024 02:00:00 GMT+0300 (Eastern European Summer Time),BZ=F,90.1
Mon Apr 15 2024 02:00:00 GMT+0300 (Eastern European Summer Time),CL=F,85.41
Fri Apr 12 2024 02:00:00 GMT+0300 (Eastern European Summer Time),BZ=F,90.45
Fri Apr 12 2024 02:00:00 GMT+0300 (Eastern European Summer Time),CL=F,85.66
Thu Apr 11 2024 02:00:00 GMT+0300 (Eastern European Summer Time),BZ=F,89.74
Thu Apr 11 2024 02:00:00 GMT+0300 (Eastern European Summer Time),CL=F,85.02
Wed Apr 10 2024 02:00:00 GMT+0300 (Eastern European Summer Time),BZ=F,90.48
Wed Apr 10 2024 02:00:00 GMT+0300 (Eastern European Summer Time),CL=F,86.21
Tue Apr 09 2024 02:00:00 GMT+0300 (Eastern European Summer Time),BZ=F,89.42
Tue Apr 09 2024 02:00:00 GMT+0300 (Eastern European Summer Time),CL=F,85.23
Mon Apr 08 2024 02:00:00 GMT+0300 (Eastern European Summer Time),BZ=F,90.38
Mon Apr 08 2024 02:00:00 GMT+0300 (Eastern European Summer Time),CL=F,86.43
Fri Apr 05 2024 02:00:00 GMT+0300 (Eastern European Summer Time),BZ=F,91.17
Fri Apr 05 2024 02:00:00 GMT+0300 (Eastern European Summer Time),CL=F,86.91
Thu Apr 04 2024 02:00:00 GMT+0300 (Eastern European Summer Time),BZ=F,90.65
Thu Apr 04 2024 02:00:00 GMT+0300 (Eastern European Summer Time),CL=F,86.59
Wed Apr 03 2024 02:00:00 GMT+0300 (Eastern European Summer Time),BZ=F,89.35
Wed Apr 03 2024 02:00:00 GMT+0300 (Eastern European Summer Time),CL=F,85.43
Tue Apr 02 2024 02:00:00 GMT+0300 (Eastern European Summer Time),BZ=F,88.92
Tue Apr 02 2024 02:00:00 GMT+0300 (Eastern European Summer Time),CL=F,85.15
Mon Apr 01 2024 02:00:00 GMT+0300 (Eastern European Summer Time),BZ=F,87.42
Mon Apr 01 2024 02:00:00 GMT+0300 (Eastern European Summer Time),CL=F,83.71
Thu Mar 28 2024 02:00:00 GMT+0200 (Eastern European Standard Time),BZ=F,87
Thu Mar 28 2024 02:00:00 GMT+0200 (Eastern European Standard Time),CL=F,83.17
Wed Mar 27 2024 02:00:00 GMT+0200 (Eastern European Standard Time),BZ=F,85.41
Wed Mar 27 2024 02:00:00 GMT+0200 (Eastern European Standard Time),CL=F,81.35
Tue Mar 26 2024 02:00:00 GMT+0200 (Eastern European Standard Time),BZ=F,86.25
Tue Mar 26 2024 02:00:00 GMT+0200 (Eastern European Standard Time),CL=F,81.62
Mon Mar 25 2024 02:00:00 GMT+0200 (Eastern European Standard Time),BZ=F,86.75
Mon Mar 25 2024 02:00:00 GMT+0200 (Eastern European Standard Time),CL=F,81.95
Fri Mar 22 2024 02:00:00 GMT+0200 (Eastern European Standard Time),BZ=F,85.43
Fri Mar 22 2024 02:00:00 GMT+0200 (Eastern European Standard Time),CL=F,80.63
Thu Mar 21 2024 02:00:00 GMT+0200 (Eastern European Standard Time),BZ=F,85.78
Thu Mar 21 2024 02:00:00 GMT+0200 (Eastern European Standard Time),CL=F,81.07
Wed Mar 20 2024 02:00:00 GMT+0200 (Eastern European Standard Time),BZ=F,85.95
Wed Mar 20 2024 02:00:00 GMT+0200 (Eastern European Standard Time),CL=F,81.68
Tue Mar 19 2024 02:00:00 GMT+0200 (Eastern European Standard Time),BZ=F,87.38
Tue Mar 19 2024 02:00:00 GMT+0200 (Eastern European Standard Time),CL=F,83.47
Mon Mar 18 2024 02:00:00 GMT+0200 (Eastern European Standard Time),BZ=F,86.89
Mon Mar 18 2024 02:00:00 GMT+0200 (Eastern European Standard Time),CL=F,82.72
Fri Mar 15 2024 02:00:00 GMT+0200 (Eastern European Standard Time),BZ=F,85.34
Fri Mar 15 2024 02:00:00 GMT+0200 (Eastern European Standard Time),CL=F,81.04
Thu Mar 14 2024 02:00:00 GMT+0200 (Eastern European Standard Time),BZ=F,85.42
Thu Mar 14 2024 02:00:00 GMT+0200 (Eastern European Standard Time),CL=F,81.26
Wed Mar 13 2024 02:00:00 GMT+0200 (Eastern European Standard Time),BZ=F,84.03
Wed Mar 13 2024 02:00:00 GMT+0200 (Eastern European Standard Time),CL=F,79.72
Tue Mar 12 2024 02:00:00 GMT+0200 (Eastern European Standard Time),BZ=F,81.92
Tue Mar 12 2024 02:00:00 GMT+0200 (Eastern European Standard Time),CL=F,77.56
Mon Mar 11 2024 02:00:00 GMT+0200 (Eastern European Standard Time),BZ=F,82.21
Mon Mar 11 2024 02:00:00 GMT+0200 (Eastern European Standard Time),CL=F,77.93
Fri Mar 08 2024 02:00:00 GMT+0200 (Eastern European Standard Time),BZ=F,82.08
Fri Mar 08 2024 02:00:00 GMT+0200 (Eastern European Standard Time),CL=F,78.01
Thu Mar 07 2024 02:00:00 GMT+0200 (Eastern European Standard Time),BZ=F,82.96
Thu Mar 07 2024 02:00:00 GMT+0200 (Eastern European Standard Time),CL=F,78.93
Wed Mar 06 2024 02:00:00 GMT+0200 (Eastern European Standard Time),BZ=F,82.96
Wed Mar 06 2024 02:00:00 GMT+0200 (Eastern European Standard Time),CL=F,79.13
Tue Mar 05 2024 02:00:00 GMT+0200 (Eastern European Standard Time),BZ=F,82.04
Tue Mar 05 2024 02:00:00 GMT+0200 (Eastern European Standard Time),CL=F,78.15
Mon Mar 04 2024 02:00:00 GMT+0200 (Eastern European Standard Time),BZ=F,82.8
Mon Mar 04 2024 02:00:00 GMT+0200 (Eastern European Standard Time),CL=F,78.74
Fri Mar 01 2024 02:00:00 GMT+0200 (Eastern European Standard Time),BZ=F,83.55
Fri Mar 01 2024 02:00:00 GMT+0200 (Eastern European Standard Time),CL=F,79.97
Thu Feb 29 2024 02:00:00 GMT+0200 (Eastern European Standard Time),BZ=F,81.91
Thu Feb 29 2024 02:00:00 GMT+0200 (Eastern European Standard Time),CL=F,78.26
Wed Feb 28 2024 02:00:00 GMT+0200 (Eastern European Standard Time),BZ=F,82.15
Wed Feb 28 2024 02:00:00 GMT+0200 (Eastern European Standard Time),CL=F,78.54
Tue Feb 27 2024 02:00:00 GMT+0200 (Eastern European Standard Time),BZ=F,83.65
Tue Feb 27 2024 02:00:00 GMT+0200 (Eastern European Standard Time),CL=F,78.87
Mon Feb 26 2024 02:00:00 GMT+0200 (Eastern European Standard Time),BZ=F,82.53
Mon Feb 26 2024 02:00:00 GMT+0200 (Eastern European Standard Time),CL=F,77.58
Fri Feb 23 2024 02:00:00 GMT+0200 (Eastern European Standard Time),BZ=F,81.62
Fri Feb 23 2024 02:00:00 GMT+0200 (Eastern European Standard Time),CL=F,76.49
Thu Feb 22 2024 02:00:00 GMT+0200 (Eastern European Standard Time),BZ=F,83.67
Thu Feb 22 2024 02:00:00 GMT+0200 (Eastern European Standard Time),CL=F,78.61
Wed Feb 21 2024 02:00:00 GMT+0200 (Eastern European Standard Time),BZ=F,83.03
Wed Feb 21 2024 02:00:00 GMT+0200 (Eastern European Standard Time),CL=F,77.91
Tue Feb 20 2024 02:00:00 GMT+0200 (Eastern European Standard Time),BZ=F,82.34
Tue Feb 20 2024 02:00:00 GMT+0200 (Eastern European Standard Time),CL=F,78.18
Mon Feb 19 2024 02:00:00 GMT+0200 (Eastern European Standard Time),BZ=F,82.34
Mon Feb 19 2024 02:00:00 GMT+0200 (Eastern European Standard Time),CL=F,
Fri Feb 16 2024 02:00:00 GMT+0200 (Eastern European Standard Time),BZ=F,83.47
Fri Feb 16 2024 02:00:00 GMT+0200 (Eastern European Standard Time),CL=F,79.19
Thu Feb 15 2024 02:00:00 GMT+0200 (Eastern European Standard Time),BZ=F,82.86
Thu Feb 15 2024 02:00:00 GMT+0200 (Eastern European Standard Time),CL=F,78.03
Wed Feb 14 2024 02:00:00 GMT+0200 (Eastern European Standard Time),BZ=F,81.6
Wed Feb 14 2024 02:00:00 GMT+0200 (Eastern European Standard Time),CL=F,76.64
Tue Feb 13 2024 02:00:00 GMT+0200 (Eastern European Standard Time),BZ=F,82.77
Tue Feb 13 2024 02:00:00 GMT+0200 (Eastern European Standard Time),CL=F,77.87
Mon Feb 12 2024 02:00:00 GMT+0200 (Eastern European Standard Time),BZ=F,82
Mon Feb 12 2024 02:00:00 GMT+0200 (Eastern European Standard Time),CL=F,76.92
Fri Feb 09 2024 02:00:00 GMT+0200 (Eastern European Standard Time),BZ=F,82.19
Fri Feb 09 2024 02:00:00 GMT+0200 (Eastern European Standard Time),CL=F,76.84
Thu Feb 08 2024 02:00:00 GMT+0200 (Eastern European Standard Time),BZ=F,81.63
Thu Feb 08 2024 02:00:00 GMT+0200 (Eastern European Standard Time),CL=F,76.22
Wed Feb 07 2024 02:00:00 GMT+0200 (Eastern European Standard Time),BZ=F,79.21
Wed Feb 07 2024 02:00:00 GMT+0200 (Eastern European Standard Time),CL=F,73.86
Tue Feb 06 2024 02:00:00 GMT+0200 (Eastern European Standard Time),BZ=F,78.59
Tue Feb 06 2024 02:00:00 GMT+0200 (Eastern European Standard Time),CL=F,73.31
Mon Feb 05 2024 02:00:00 GMT+0200 (Eastern European Standard Time),BZ=F,77.99
Mon Feb 05 2024 02:00:00 GMT+0200 (Eastern European Standard Time),CL=F,72.78
Fri Feb 02 2024 02:00:00 GMT+0200 (Eastern European Standard Time),BZ=F,77.33
Fri Feb 02 2024 02:00:00 GMT+0200 (Eastern European Standard Time),CL=F,72.28
Thu Feb 01 2024 02:00:00 GMT+0200 (Eastern European Standard Time),BZ=F,78.7
Thu Feb 01 2024 02:00:00 GMT+0200 (Eastern European Standard Time),CL=F,73.82
Wed Jan 31 2024 02:00:00 GMT+0200 (Eastern European Standard Time),BZ=F,80.55
Wed Jan 31 2024 02:00:00 GMT+0200 (Eastern European Standard Time),CL=F,75.85
Tue Jan 30 2024 02:00:00 GMT+0200 (Eastern European Standard Time),BZ=F,82.5
Tue Jan 30 2024 02:00:00 GMT+0200 (Eastern European Standard Time),CL=F,77.82
Mon Jan 29 2024 02:00:00 GMT+0200 (Eastern European Standard Time),BZ=F,82.4
Mon Jan 29 2024 02:00:00 GMT+0200 (Eastern European Standard Time),CL=F,76.78